Train_No,Train_Name,Source_Station_Name,Destination_Station_Name,days,Service_Category
1011,CSMT-NGP SF,CST-MUMBAI,NAGPUR JN.(CR),THURSDAY,Weekday
2025,CSMT-KRMI SF,CST-MUMBAI,KARMALI,TUESDAY,Weekday
10103,MANDOVI EXPR,CST-MUMBAI,MADGOAN JN.,THURSDAY,Weekday
10111,KONKAN KANYA,CST-MUMBAI,MADGOAN JN.,FRIDAY,Weekday
11007,DECCAN EXPRE,CST-MUMBAI,PUNE JN.,WEDNESDAY,Weekday
11009,SINHAGAD EXP,CST-MUMBAI,PUNE JN.,THURSDAY,Weekday
11019,KONARK EXPRE,CST-MUMBAI,BHUBANESWAR,FRIDAY,Weekday
11023,SAHYADRI EXP,CST-MUMBAI,CHHATRAPATI SHAHU MAHARAJ TERMINUS,WEDNESDAY,Weekday
11027,CSMT-MAS MAI,CST-MUMBAI,CHENNAI CENTRAL,SUNDAY,Weekend
11029,KOYNA EXPRES,CST-MUMBAI,CHHATRAPATI SHAHU MAHARAJ TERMINUS,TUESDAY,Weekday
11041,CSMT -MAS EX,CST-MUMBAI,CHENNAI CENTRAL,TUESDAY,Weekday
11057,AMRITSAR EXP,CST-MUMBAI,AMRITSAR JN.,FRIDAY,Weekday
11093,MAHANAGARI E,CST-MUMBAI,VARANASI JN.,THURSDAY,Weekday
11301,UDYAN EXPRES,CST-MUMBAI,KRANTIVIRA SANGOLLI RAYANNA (BENGALURU STATION),WEDNESDAY,Weekday
11401,NANDIGRHAM E,CST-MUMBAI,NAGPUR JN.(CR),THURSDAY,Weekday
12105,VIDARBHA EXP,CST-MUMBAI,GONDIA JN.,SUNDAY,Weekend
12109,PANCHAVATI E,CST-MUMBAI,MANMAD JN.,SATURDAY,Weekend
12111,CSMT-AMI SF,CST-MUMBAI,AMRAVATI,SUNDAY,Weekend
12115,CSTM-SUR SID,CST-MUMBAI,SOLAPUR,SATURDAY,Weekend
12123,DECCAN QUEEN,CST-MUMBAI,PUNE JN.,WEDNESDAY,Weekday
12125,PRAGATI EXPR,CST-MUMBAI,PUNE JN.,SUNDAY,Weekend
12127,INTERCITY EX,CST-MUMBAI,PUNE JN.,MONDAY,Weekday
12133,CSMT-MAJN EX,CST-MUMBAI,MANGALORE JN,SATURDAY,Weekend
12137,PUNJAB MAIL,CST-MUMBAI,FIROZPUR CANTT JN.,SUNDAY,Weekend
12139,SEWAGRAM EXP,CST-MUMBAI,NAGPUR JN.(CR),WEDNESDAY,Weekday
12188,JBP GARIB RA,CST-MUMBAI,JABALPUR,SUNDAY,Weekend
12261,CSMT-HWH DUR,CST-MUMBAI,HOWRAH JN.,THURSDAY,Weekday
12289,CSMT-NGP DUR,CST-MUMBAI,NAGPUR JN.(CR),THURSDAY,Weekday
12322,KOLKATA MAIL,CST-MUMBAI,HOWRAH JN.,FRIDAY,Weekday
12362,CSMT- ASANSO,CST-MUMBAI,ASANSOL MAIN,WEDNESDAY,Weekday
12534,PUSHPAK SF E,CST-MUMBAI,LUCKNOW JN.,MONDAY,Weekday
12598,CSMT-GKP -WE,CST-MUMBAI,GORAKHPUR JN.,FRIDAY,Weekday
12701,CSMT-HYB HUS,CST-MUMBAI,HYDERABAD DECCAN,SATURDAY,Weekend
12809,CSMT HWH MAI,CST-MUMBAI,HOWRAH JN.,FRIDAY,Weekday
12859,HWH-CSMT,CST-MUMBAI,HOWRAH JN.,WEDNESDAY,Weekday
12869,CSMT-HWH WEE,CST-MUMBAI,HOWRAH JN.,MONDAY,Weekday
15102,JANSADHARN,CST-MUMBAI,CHHAPRA JN.,SUNDAY,Weekend
16331,TRIVANDRAM,CST-MUMBAI,TRIVANDRUM CENTRAL,SUNDAY,Weekend
16339,CSMT-NCJ  EX,CST-MUMBAI,NAGERCOIL JN.,THURSDAY,Weekday
16351,CSMT- NCJ EX,CST-MUMBAI,NAGERCOIL JN.,SATURDAY,Weekend
16381,KANYAKUMARI,CST-MUMBAI,KANNIYAKUMARI,THURSDAY,Weekday
17031,MUMBAI CSMT-,CST-MUMBAI,HYDERABAD DECCAN,FRIDAY,Weekday
17057,CSMT-SC DEVA,CST-MUMBAI,SECUNDERABAD JN.,SUNDAY,Weekend
17411,MAHALAXMI EX,CST-MUMBAI,CHHATRAPATI SHAHU MAHARAJ TERMINUS,TUESDAY,Weekday
17617,CSMT-NED TAP,CST-MUMBAI,NANDED,SUNDAY,Weekend
22101,CSMT-MMR RAJ,CST-MUMBAI,MANMAD JN.,FRIDAY,Weekday
22105,INDRAYANI EX,CST-MUMBAI,PUNE JN.,WEDNESDAY,Weekday
22119,CSTM-KRMI TE,CST-MUMBAI,KARMALI,SUNDAY,Weekend
22143,CSMT-BIDAR E,CST-MUMBAI,BIDAR,SATURDAY,Weekend
51027,FAST PASSENG,CST-MUMBAI,PANDHARPUR,SATURDAY,Weekend
51029,BB BJP FAST,CST-MUMBAI,BIJAPUR JN,THURSDAY,Weekday
51153,MUMBAI BSL P,CST-MUMBAI,BHUSAVAL JN.,SUNDAY,Weekend
91393,WAD1,CST-MUMBAI,RAVLI JN,WEDNESDAY,Weekday
91395,WAD3,CST-MUMBAI,RAVLI JN,TUESDAY,Weekday
91491,WBO1,CST-MUMBAI,RAVLI JN,THURSDAY,Weekday
95701,K1,CST-MUMBAI,KALYAN JN,TUESDAY,Weekday
95703,K11,CST-MUMBAI,KALYAN JN,WEDNESDAY,Weekday
95705,K19,CST-MUMBAI,KALYAN JN,TUESDAY,Weekday
95707,K21,CST-MUMBAI,KALYAN JN,WEDNESDAY,Weekday
95709,K27,CST-MUMBAI,KALYAN JN,WEDNESDAY,Weekday
95711,K33,CST-MUMBAI,KALYAN JN,TUESDAY,Weekday
95715,K41,CST-MUMBAI,KALYAN JN,TUESDAY,Weekday
95717,K53,CST-MUMBAI,KALYAN JN,SATURDAY,Weekend
95719,K73,CST-MUMBAI,KALYAN JN,FRIDAY,Weekday
95721,KW1,CST-MUMBAI,KALYAN JN,WEDNESDAY,Weekday
95727,K89,CST-MUMBAI,KALYAN JN,SUNDAY,Weekend
95731,K95,CST-MUMBAI,KALYAN JN,WEDNESDAY,Weekday
95733,K101,CST-MUMBAI,KALYAN JN,FRIDAY,Weekday
95737,K103,CST-MUMBAI,KALYAN JN,MONDAY,Weekday
95739,K111,CST-MUMBAI,KALYAN JN,SUNDAY,Weekend
95741,K115,CST-MUMBAI,KALYAN JN,FRIDAY,Weekday
95743,K119,CST-MUMBAI,KALYAN JN,TUESDAY,Weekday
95745,K121,CST-MUMBAI,KALYAN JN,SUNDAY,Weekend
95801,DL35,CST-MUMBAI,DOMBIVLI,WEDNESDAY,Weekday
95805,DL49,CST-MUMBAI,DOMBIVLI,SATURDAY,Weekend
95901,T17,CST-MUMBAI,THANE,TUESDAY,Weekday
95903,T27,CST-MUMBAI,THANE,THURSDAY,Weekday
95905,T33,CST-MUMBAI,THANE,MONDAY,Weekday
95907,T43,CST-MUMBAI,THANE,TUESDAY,Weekday
95909,T107,CST-MUMBAI,THANE,TUESDAY,Weekday
95911,T117,CST-MUMBAI,THANE,MONDAY,Weekday
95913,T127,CST-MUMBAI,THANE,THURSDAY,Weekday
95917,T117,CST-MUMBAI,THANE,SUNDAY,Weekend
95919,T131,CST-MUMBAI,THANE,THURSDAY,Weekday
96657,TL71,CST-MUMBAI,TITVALA,THURSDAY,Weekday
97011,K3,CST-MUMBAI,KALYAN JN,MONDAY,Weekday
97015,K5,CST-MUMBAI,KALYAN JN,TUESDAY,Weekday
97017,K7,CST-MUMBAI,KALYAN JN,MONDAY,Weekday
97019,K9,CST-MUMBAI,KALYAN JN,TUESDAY,Weekday
97021,K13,CST-MUMBAI,KALYAN JN,THURSDAY,Weekday
97025,K15,CST-MUMBAI,KALYAN JN,MONDAY,Weekday
97027,K17,CST-MUMBAI,KALYAN JN,MONDAY,Weekday
97029,K23,CST-MUMBAI,KALYAN JN,MONDAY,Weekday
97031,K25,CST-MUMBAI,KALYAN JN,SATURDAY,Weekend
97037,K29,CST-MUMBAI,KALYAN JN,FRIDAY,Weekday
97039,K31,CST-MUMBAI,KALYAN JN,WEDNESDAY,Weekday
97041,K35,CST-MUMBAI,KALYAN JN,TUESDAY,Weekday
97047,K37,CST-MUMBAI,KALYAN JN,WEDNESDAY,Weekday
97049,K39,CST-MUMBAI,KALYAN JN,SATURDAY,Weekend
97053,K43,CST-MUMBAI,KALYAN JN,TUESDAY,Weekday
97055,K45,CST-MUMBAI,KALYAN JN,WEDNESDAY,Weekday
97057,K47,CST-MUMBAI,KALYAN JN,SATURDAY,Weekend
97059,K49,CST-MUMBAI,KALYAN JN,MONDAY,Weekday
97061,K51,CST-MUMBAI,KALYAN JN,FRIDAY,Weekday
97065,K55,CST-MUMBAI,KALYAN JN,MONDAY,Weekday
97067,K57,CST-MUMBAI,KALYAN JN,FRIDAY,Weekday
97069,K59,CST-MUMBAI,KALYAN JN,THURSDAY,Weekday
97071,K61,CST-MUMBAI,KALYAN JN,MONDAY,Weekday
97075,K63,CST-MUMBAI,KALYAN JN,TUESDAY,Weekday
97079,K65,CST-MUMBAI,KALYAN JN,SATURDAY,Weekend
97081,K67,CST-MUMBAI,KALYAN JN,SUNDAY,Weekend
97083,K69,CST-MUMBAI,KALYAN JN,WEDNESDAY,Weekday
97085,K71,CST-MUMBAI,KALYAN JN,MONDAY,Weekday
97089,K75,CST-MUMBAI,KALYAN JN,SUNDAY,Weekend
97091,K77,CST-MUMBAI,KALYAN JN,WEDNESDAY,Weekday
97093,K79,CST-MUMBAI,KALYAN JN,TUESDAY,Weekday
97095,K81,CST-MUMBAI,KALYAN JN,TUESDAY,Weekday
97101,K83,CST-MUMBAI,KALYAN JN,SUNDAY,Weekend
97103,K85,CST-MUMBAI,KALYAN JN,SATURDAY,Weekend
97105,K87,CST-MUMBAI,KALYAN JN,WEDNESDAY,Weekday
97111,K91,CST-MUMBAI,KALYAN JN,SATURDAY,Weekend
97113,K93,CST-MUMBAI,KALYAN JN,SUNDAY,Weekend
97117,K97,CST-MUMBAI,KALYAN JN,SATURDAY,Weekend
97119,K99,CST-MUMBAI,KALYAN JN,WEDNESDAY,Weekday
97125,K105,CST-MUMBAI,KALYAN JN,FRIDAY,Weekday
97127,K107,CST-MUMBAI,KALYAN JN,SUNDAY,Weekend
97129,K109,CST-MUMBAI,KALYAN JN,FRIDAY,Weekday
97133,K113,CST-MUMBAI,KALYAN JN,SATURDAY,Weekend
97139,K117,CST-MUMBAI,KALYAN JN,THURSDAY,Weekday
97147,K123,CST-MUMBAI,KALYAN JN,SATURDAY,Weekend
97149,K125,CST-MUMBAI,KALYAN JN,SATURDAY,Weekend
97151,K127,CST-MUMBAI,KALYAN JN,FRIDAY,Weekday
97153,K129,CST-MUMBAI,KALYAN JN,MONDAY,Weekday
97201,DL1,CST-MUMBAI,DOMBIVLI,SATURDAY,Weekend
97203,DL3,CST-MUMBAI,DOMBIVLI,THURSDAY,Weekday
97205,DL5,CST-MUMBAI,DOMBIVLI,TUESDAY,Weekday
97207,DL7,CST-MUMBAI,DOMBIVLI,WEDNESDAY,Weekday
97209,DL9,CST-MUMBAI,DOMBIVLI,WEDNESDAY,Weekday
97211,DL11,CST-MUMBAI,DOMBIVLI,FRIDAY,Weekday
97213,DL13,CST-MUMBAI,DOMBIVLI,TUESDAY,Weekday
97215,DL15,CST-MUMBAI,DOMBIVLI,TUESDAY,Weekday
97217,DL17,CST-MUMBAI,DOMBIVLI,FRIDAY,Weekday
97219,DL19,CST-MUMBAI,DOMBIVLI,TUESDAY,Weekday
97221,DL21,CST-MUMBAI,DOMBIVLI,TUESDAY,Weekday
97223,DL23,CST-MUMBAI,DOMBIVLI,FRIDAY,Weekday
97225,DL25,CST-MUMBAI,DOMBIVLI,SUNDAY,Weekend
97227,DL27,CST-MUMBAI,DOMBIVLI,FRIDAY,Weekday
97229,DL29,CST-MUMBAI,DOMBIVLI,SUNDAY,Weekend
97231,DL31,CST-MUMBAI,DOMBIVLI,TUESDAY,Weekday
97233,DL33,CST-MUMBAI,DOMBIVLI,TUESDAY,Weekday
97239,DL37,CST-MUMBAI,DOMBIVLI,SUNDAY,Weekend
97241,DL39,CST-MUMBAI,DOMBIVLI,TUESDAY,Weekday
97243,DL41,CST-MUMBAI,DOMBIVLI,TUESDAY,Weekday
97245,DL43,CST-MUMBAI,DOMBIVLI,SUNDAY,Weekend
97249,DL45,CST-MUMBAI,DOMBIVLI,FRIDAY,Weekday
97251,DL47,CST-MUMBAI,DOMBIVLI,MONDAY,Weekday
97253,DL49,CST-MUMBAI,DOMBIVLI,SATURDAY,Weekend
97255,DL51,CST-MUMBAI,DOMBIVLI,TUESDAY,Weekday
97301,T1,CST-MUMBAI,THANE,THURSDAY,Weekday
97303,T3,CST-MUMBAI,THANE,SUNDAY,Weekend
97305,T5,CST-MUMBAI,THANE,WEDNESDAY,Weekday
97307,T7,CST-MUMBAI,THANE,WEDNESDAY,Weekday
97309,T9,CST-MUMBAI,THANE,TUESDAY,Weekday
97311,T11,CST-MUMBAI,THANE,SUNDAY,Weekend
97313,T13,CST-MUMBAI,THANE,WEDNESDAY,Weekday
97315,T15,CST-MUMBAI,THANE,SATURDAY,Weekend
97317,T19,CST-MUMBAI,THANE,FRIDAY,Weekday
97319,T21,CST-MUMBAI,THANE,FRIDAY,Weekday
97321,T23,CST-MUMBAI,THANE,SATURDAY,Weekend
97323,T25,CST-MUMBAI,THANE,WEDNESDAY,Weekday
97325,T29,CST-MUMBAI,THANE,MONDAY,Weekday
97327,T31,CST-MUMBAI,THANE,MONDAY,Weekday
97329,T35,CST-MUMBAI,THANE,SATURDAY,Weekend
97331,T37,CST-MUMBAI,THANE,MONDAY,Weekday
97333,T39,CST-MUMBAI,THANE,TUESDAY,Weekday
97335,T41,CST-MUMBAI,THANE,SATURDAY,Weekend
97337,T45,CST-MUMBAI,THANE,THURSDAY,Weekday
97339,T47,CST-MUMBAI,THANE,FRIDAY,Weekday
97341,T49,CST-MUMBAI,THANE,WEDNESDAY,Weekday
97343,T51,CST-MUMBAI,THANE,TUESDAY,Weekday
97345,T53,CST-MUMBAI,THANE,THURSDAY,Weekday
97347,T55,CST-MUMBAI,THANE,MONDAY,Weekday
97349,T57,CST-MUMBAI,THANE,SUNDAY,Weekend
97351,T59,CST-MUMBAI,THANE,THURSDAY,Weekday
97353,T61,CST-MUMBAI,THANE,SATURDAY,Weekend
97355,T63,CST-MUMBAI,THANE,TUESDAY,Weekday
97357,T65,CST-MUMBAI,THANE,TUESDAY,Weekday
97359,T67,CST-MUMBAI,THANE,FRIDAY,Weekday
97361,T69,CST-MUMBAI,THANE,SUNDAY,Weekend
97363,T 71,CST-MUMBAI,THANE,SATURDAY,Weekend
97365,T 73,CST-MUMBAI,THANE,FRIDAY,Weekday
97367,T 75,CST-MUMBAI,THANE,THURSDAY,Weekday
97369,T 77,CST-MUMBAI,THANE,FRIDAY,Weekday
97371,T79,CST-MUMBAI,THANE,WEDNESDAY,Weekday
97373,T81,CST-MUMBAI,THANE,FRIDAY,Weekday
97377,T83,CST-MUMBAI,THANE,WEDNESDAY,Weekday
97379,T85,CST-MUMBAI,THANE,MONDAY,Weekday
97381,T87,CST-MUMBAI,THANE,TUESDAY,Weekday
97383,T89,CST-MUMBAI,THANE,FRIDAY,Weekday
97385,T91,CST-MUMBAI,THANE,THURSDAY,Weekday
97387,T93,CST-MUMBAI,THANE,SATURDAY,Weekend
97389,T95,CST-MUMBAI,THANE,TUESDAY,Weekday
97391,T97,CST-MUMBAI,THANE,FRIDAY,Weekday
97393,T99,CST-MUMBAI,THANE,THURSDAY,Weekday
97395,T101,CST-MUMBAI,THANE,WEDNESDAY,Weekday
97397,T103,CST-MUMBAI,THANE,FRIDAY,Weekday
97399,T105,CST-MUMBAI,THANE,WEDNESDAY,Weekday
97401,T109,CST-MUMBAI,THANE,SUNDAY,Weekend
97403,T111,CST-MUMBAI,THANE,FRIDAY,Weekday
97405,T113,CST-MUMBAI,THANE,SATURDAY,Weekend
97407,T115,CST-MUMBAI,THANE,SUNDAY,Weekend
97411,T119,CST-MUMBAI,THANE,MONDAY,Weekday
97413,T121,CST-MUMBAI,THANE,THURSDAY,Weekday
97417,T123,CST-MUMBAI,THANE,MONDAY,Weekday
97419,T125,CST-MUMBAI,THANE,WEDNESDAY,Weekday
97421,T129,CST-MUMBAI,THANE,TUESDAY,Weekday
97423,T131,CST-MUMBAI,THANE,TUESDAY,Weekday
97425,T133,CST-MUMBAI,THANE,SUNDAY,Weekend
97427,T135,CST-MUMBAI,THANE,MONDAY,Weekday
97431,T137,CST-MUMBAI,THANE,THURSDAY,Weekday
97433,T139,CST-MUMBAI,THANE,TUESDAY,Weekday
97435,T141,CST-MUMBAI,THANE,THURSDAY,Weekday
97437,T143,CST-MUMBAI,THANE,SATURDAY,Weekend
97439,T145,CST-MUMBAI,THANE,TUESDAY,Weekday
97441,T147,CST-MUMBAI,THANE,WEDNESDAY,Weekday
97445,T149,CST-MUMBAI,THANE,TUESDAY,Weekday
97501,G1,CST-MUMBAI,GHAT KOPAR,TUESDAY,Weekday
97503,G3,CST-MUMBAI,GHAT KOPAR,SATURDAY,Weekend
97601,C1,CST-MUMBAI,KURLA,MONDAY,Weekday
97603,C3,CST-MUMBAI,KURLA,FRIDAY,Weekday
97605,C5,CST-MUMBAI,KURLA,FRIDAY,Weekday
97607,C7,CST-MUMBAI,KURLA,TUESDAY,Weekday
97609,C9,CST-MUMBAI,KURLA,FRIDAY,Weekday
97611,C11,CST-MUMBAI,KURLA,SATURDAY,Weekend
97613,C13,CST-MUMBAI,KURLA,WEDNESDAY,Weekday
97615,C15,CST-MUMBAI,KURLA,MONDAY,Weekday
97617,C17,CST-MUMBAI,KURLA,SATURDAY,Weekend
97619,C19,CST-MUMBAI,KURLA,MONDAY,Weekday
97621,C21,CST-MUMBAI,KURLA,THURSDAY,Weekday
97623,C23,CST-MUMBAI,KURLA,SUNDAY,Weekend
97625,C25,CST-MUMBAI,KURLA,FRIDAY,Weekday
97627,C27,CST-MUMBAI,KURLA,SATURDAY,Weekend
97629,C29,CST-MUMBAI,KURLA,FRIDAY,Weekday
97631,C31,CST-MUMBAI,KURLA,MONDAY,Weekday
97633,C33,CST-MUMBAI,KURLA,THURSDAY,Weekday
97635,C35,CST-MUMBAI,KURLA,MONDAY,Weekday
97637,C37,CST-MUMBAI,KURLA,SUNDAY,Weekend
97639,C39,CST-MUMBAI,KURLA,SUNDAY,Weekend
97641,C41,CST-MUMBAI,KURLA,WEDNESDAY,Weekday
97643,C43,CST-MUMBAI,KURLA,THURSDAY,Weekday
97645,C45,CST-MUMBAI,KURLA,THURSDAY,Weekday
97647,C47,CST-MUMBAI,KURLA,FRIDAY,Weekday
97649,C49,CST-MUMBAI,KURLA,MONDAY,Weekday
97651,C51,CST-MUMBAI,KURLA,SUNDAY,Weekend
97653,C53,CST-MUMBAI,KURLA,MONDAY,Weekday
97655,C55,CST-MUMBAI,KURLA,FRIDAY,Weekday
98001,PL1,CST-MUMBAI,PANVEL,SATURDAY,Weekend
98003,PL3,CST-MUMBAI,PANVEL,SATURDAY,Weekend
98005,PL5,CST-MUMBAI,PANVEL,WEDNESDAY,Weekday
98007,PL7,CST-MUMBAI,PANVEL,TUESDAY,Weekday
98009,PL9,CST-MUMBAI,PANVEL,SATURDAY,Weekend
98011,PL11,CST-MUMBAI,PANVEL,THURSDAY,Weekday
98015,PL13,CST-MUMBAI,PANVEL,MONDAY,Weekday
98017,PL15,CST-MUMBAI,PANVEL,WEDNESDAY,Weekday
98019,PL17,CST-MUMBAI,PANVEL,SUNDAY,Weekend
98023,PL19,CST-MUMBAI,PANVEL,SATURDAY,Weekend
98025,PL21,CST-MUMBAI,PANVEL,THURSDAY,Weekday
98027,PL23,CST-MUMBAI,PANVEL,SATURDAY,Weekend
98029,PL25,CST-MUMBAI,PANVEL,TUESDAY,Weekday
98033,PL27,CST-MUMBAI,PANVEL,SATURDAY,Weekend
98035,PL 29,CST-MUMBAI,PANVEL,THURSDAY,Weekday
98037,PL 31,CST-MUMBAI,PANVEL,FRIDAY,Weekday
98039,PL 33,CST-MUMBAI,PANVEL,MONDAY,Weekday
98041,PL 35,CST-MUMBAI,PANVEL,THURSDAY,Weekday
98043,PL 37,CST-MUMBAI,PANVEL,SUNDAY,Weekend
98045,PL 39,CST-MUMBAI,PANVEL,THURSDAY,Weekday
98047,PL 41,CST-MUMBAI,PANVEL,FRIDAY,Weekday
98049,PL43,CST-MUMBAI,PANVEL,THURSDAY,Weekday
98053,PL45,CST-MUMBAI,PANVEL,THURSDAY,Weekday
98055,PL 47,CST-MUMBAI,PANVEL,TUESDAY,Weekday
98057,PL 49,CST-MUMBAI,PANVEL,SATURDAY,Weekend
98059,PL 51,CST-MUMBAI,PANVEL,TUESDAY,Weekday
98061,PL53,CST-MUMBAI,PANVEL,SATURDAY,Weekend
98063,PL 55,CST-MUMBAI,PANVEL,WEDNESDAY,Weekday
98065,PL57,CST-MUMBAI,PANVEL,WEDNESDAY,Weekday
98067,PL59,CST-MUMBAI,PANVEL,WEDNESDAY,Weekday
98069,PL 61,CST-MUMBAI,PANVEL,FRIDAY,Weekday
98071,PL 63,CST-MUMBAI,PANVEL,SUNDAY,Weekend
98073,PL 65,CST-MUMBAI,PANVEL,FRIDAY,Weekday
98075,PL67,CST-MUMBAI,PANVEL,SUNDAY,Weekend
98077,PL69,CST-MUMBAI,PANVEL,SUNDAY,Weekend
98079,PL71,CST-MUMBAI,PANVEL,SATURDAY,Weekend
98081,PL73,CST-MUMBAI,PANVEL,TUESDAY,Weekday
98085,PL 75,CST-MUMBAI,PANVEL,SUNDAY,Weekend
98087,PL 77,CST-MUMBAI,PANVEL,SATURDAY,Weekend
98089,PL 79,CST-MUMBAI,PANVEL,MONDAY,Weekday
98091,PL 81,CST-MUMBAI,PANVEL,SUNDAY,Weekend
98093,PL83,CST-MUMBAI,PANVEL,WEDNESDAY,Weekday
98095,PL85,CST-MUMBAI,PANVEL,WEDNESDAY,Weekday
98097,PL87,CST-MUMBAI,PANVEL,SUNDAY,Weekend
98099,PL89,CST-MUMBAI,PANVEL,FRIDAY,Weekday
98101,PL91,CST-MUMBAI,PANVEL,SUNDAY,Weekend
98105,PL 93,CST-MUMBAI,PANVEL,WEDNESDAY,Weekday
98107,PL 95,CST-MUMBAI,PANVEL,TUESDAY,Weekday
98109,PL 97,CST-MUMBAI,PANVEL,THURSDAY,Weekday
98111,PL 99,CST-MUMBAI,PANVEL,TUESDAY,Weekday
98113,PL 101,CST-MUMBAI,PANVEL,TUESDAY,Weekday
98115,PL 103,CST-MUMBAI,PANVEL,WEDNESDAY,Weekday
98117,PL 105,CST-MUMBAI,PANVEL,FRIDAY,Weekday
98119,PL 107,CST-MUMBAI,PANVEL,SUNDAY,Weekend
98121,PL 109,CST-MUMBAI,PANVEL,THURSDAY,Weekday
98123,PL 111,CST-MUMBAI,PANVEL,WEDNESDAY,Weekday
98125,PL113,CST-MUMBAI,PANVEL,SATURDAY,Weekend
98127,PL115,CST-MUMBAI,PANVEL,SUNDAY,Weekend
98129,PL117,CST-MUMBAI,PANVEL,THURSDAY,Weekday
98131,PL119,CST-MUMBAI,PANVEL,THURSDAY,Weekday
98135,PL121,CST-MUMBAI,PANVEL,FRIDAY,Weekday
98137,PL123,CST-MUMBAI,PANVEL,FRIDAY,Weekday
98139,PL125,CST-MUMBAI,PANVEL,TUESDAY,Weekday
98141,PL127,CST-MUMBAI,PANVEL,FRIDAY,Weekday
98145,PL129,CST-MUMBAI,PANVEL,FRIDAY,Weekday
98147,PL131,CST-MUMBAI,PANVEL,SUNDAY,Weekend
98151,PL 133,CST-MUMBAI,PANVEL,THURSDAY,Weekday
98153,PL 135,CST-MUMBAI,PANVEL,TUESDAY,Weekday
98155,PL 137,CST-MUMBAI,PANVEL,THURSDAY,Weekday
98157,PL139,CST-MUMBAI,PANVEL,SATURDAY,Weekend
98159,PL141,CST-MUMBAI,PANVEL,TUESDAY,Weekday
98161,PL143,CST-MUMBAI,PANVEL,FRIDAY,Weekday
98163,PL145,CST-MUMBAI,PANVEL,TUESDAY,Weekday
98165,PL147,CST-MUMBAI,PANVEL,WEDNESDAY,Weekday
98169,PL149,CST-MUMBAI,PANVEL,FRIDAY,Weekday
98171,PL151,CST-MUMBAI,PANVEL,WEDNESDAY,Weekday
98175,PL153,CST-MUMBAI,PANVEL,TUESDAY,Weekday
98179,PL155,CST-MUMBAI,PANVEL,SATURDAY,Weekend
98183,PL157,CST-MUMBAI,PANVEL,SUNDAY,Weekend
98185,PL 159,CST-MUMBAI,PANVEL,FRIDAY,Weekday
98189,PL 161,CST-MUMBAI,PANVEL,THURSDAY,Weekday
98191,PL 163,CST-MUMBAI,PANVEL,SUNDAY,Weekend
98193,PL 165,CST-MUMBAI,PANVEL,THURSDAY,Weekday
98195,PL 167,CST-MUMBAI,PANVEL,MONDAY,Weekday
98197,PL 169,CST-MUMBAI,PANVEL,WEDNESDAY,Weekday
98199,PL 171,CST-MUMBAI,PANVEL,SATURDAY,Weekend
98201,PL 173,CST-MUMBAI,PANVEL,SUNDAY,Weekend
98203,PL175,CST-MUMBAI,PANVEL,TUESDAY,Weekday
98205,PL 177,CST-MUMBAI,PANVEL,TUESDAY,Weekday
98207,PL 179,CST-MUMBAI,PANVEL,SUNDAY,Weekend
98209,PL 181,CST-MUMBAI,PANVEL,THURSDAY,Weekday
98211,PL 183,CST-MUMBAI,PANVEL,THURSDAY,Weekday
98213,PL185,CST-MUMBAI,PANVEL,WEDNESDAY,Weekday
98215,PL187,CST-MUMBAI,PANVEL,SUNDAY,Weekend
98301,BR1,CST-MUMBAI,BELAPUR C.B.D,SUNDAY,Weekend
98303,BR3,CST-MUMBAI,BELAPUR C.B.D,TUESDAY,Weekday
98305,BR5,CST-MUMBAI,BELAPUR C.B.D,WEDNESDAY,Weekday
98307,BR7,CST-MUMBAI,BELAPUR C.B.D,THURSDAY,Weekday
98311,BR9,CST-MUMBAI,BELAPUR C.B.D,MONDAY,Weekday
98313,BR 11,CST-MUMBAI,BELAPUR C.B.D,SUNDAY,Weekend
98315,BR 13,CST-MUMBAI,BELAPUR C.B.D,WEDNESDAY,Weekday
98317,BR 15,CST-MUMBAI,BELAPUR C.B.D,SUNDAY,Weekend
98319,BR17,CST-MUMBAI,BELAPUR C.B.D,MONDAY,Weekday
98323,BR19,CST-MUMBAI,BELAPUR C.B.D,WEDNESDAY,Weekday
98325,BR21,CST-MUMBAI,BELAPUR C.B.D,TUESDAY,Weekday
98327,BR23,CST-MUMBAI,BELAPUR C.B.D,WEDNESDAY,Weekday
98331,BR25,CST-MUMBAI,BELAPUR C.B.D,FRIDAY,Weekday
98333,BR 27,CST-MUMBAI,BELAPUR C.B.D,THURSDAY,Weekday
98335,BR 29,CST-MUMBAI,BELAPUR C.B.D,MONDAY,Weekday
98337,BR 31,CST-MUMBAI,BELAPUR C.B.D,MONDAY,Weekday
98339,BR33,CST-MUMBAI,BELAPUR C.B.D,WEDNESDAY,Weekday
98341,BR 35,CST-MUMBAI,BELAPUR C.B.D,THURSDAY,Weekday
98343,BR 37,CST-MUMBAI,BELAPUR C.B.D,MONDAY,Weekday
98345,BR 39,CST-MUMBAI,BELAPUR C.B.D,TUESDAY,Weekday
98347,BR 41,CST-MUMBAI,BELAPUR C.B.D,SATURDAY,Weekend
98349,BR 43,CST-MUMBAI,BELAPUR C.B.D,MONDAY,Weekday
98351,BR 45,CST-MUMBAI,BELAPUR C.B.D,SATURDAY,Weekend
98353,BR 47,CST-MUMBAI,BELAPUR C.B.D,THURSDAY,Weekday
98357,BR49,CST-MUMBAI,BELAPUR C.B.D,SATURDAY,Weekend
98359,BR51,CST-MUMBAI,BELAPUR C.B.D,THURSDAY,Weekday
98361,BR 53,CST-MUMBAI,BELAPUR C.B.D,WEDNESDAY,Weekday
98363,BR 55,CST-MUMBAI,BELAPUR C.B.D,WEDNESDAY,Weekday
98365,BR 57,CST-MUMBAI,BELAPUR C.B.D,SUNDAY,Weekend
98369,BR59,CST-MUMBAI,BELAPUR C.B.D,WEDNESDAY,Weekday
98371,BR61,CST-MUMBAI,BELAPUR C.B.D,MONDAY,Weekday
98373,BR 63,CST-MUMBAI,BELAPUR C.B.D,WEDNESDAY,Weekday
98375,BR 65,CST-MUMBAI,BELAPUR C.B.D,THURSDAY,Weekday
98377,BR 67,CST-MUMBAI,BELAPUR C.B.D,MONDAY,Weekday
98379,BR 69,CST-MUMBAI,BELAPUR C.B.D,FRIDAY,Weekday
98381,BR 71,CST-MUMBAI,BELAPUR C.B.D,SATURDAY,Weekend
98501,V 1,CST-MUMBAI,VASHI,FRIDAY,Weekday
98503,V 3,CST-MUMBAI,VASHI,SATURDAY,Weekend
98505,V 5,CST-MUMBAI,VASHI,THURSDAY,Weekday
98509,V7,CST-MUMBAI,VASHI,WEDNESDAY,Weekday
98511,V9,CST-MUMBAI,VASHI,FRIDAY,Weekday
98513,V11,CST-MUMBAI,VASHI,SATURDAY,Weekend
98515,V13,CST-MUMBAI,VASHI,MONDAY,Weekday
98517,V15,CST-MUMBAI,VASHI,SUNDAY,Weekend
98519,V17,CST-MUMBAI,VASHI,THURSDAY,Weekday
98521,V19,CST-MUMBAI,VASHI,SATURDAY,Weekend
98523,V 21,CST-MUMBAI,VASHI,FRIDAY,Weekday
98525,V23,CST-MUMBAI,VASHI,WEDNESDAY,Weekday
98529,V 25,CST-MUMBAI,VASHI,FRIDAY,Weekday
98531,V27,CST-MUMBAI,VASHI,THURSDAY,Weekday
98533,V 29,CST-MUMBAI,VASHI,TUESDAY,Weekday
98535,V 31,CST-MUMBAI,VASHI,WEDNESDAY,Weekday
98537,V 33,CST-MUMBAI,VASHI,FRIDAY,Weekday
98539,V35,CST-MUMBAI,VASHI,SATURDAY,Weekend
98541,V 37,CST-MUMBAI,VASHI,SUNDAY,Weekend
98543,V 39,CST-MUMBAI,VASHI,THURSDAY,Weekday
98545,V 41,CST-MUMBAI,VASHI,TUESDAY,Weekday
98547,V 43,CST-MUMBAI,VASHI,WEDNESDAY,Weekday
98549,V 45,CST-MUMBAI,VASHI,WEDNESDAY,Weekday
98551,V 47,CST-MUMBAI,VASHI,WEDNESDAY,Weekday
98553,V 49,CST-MUMBAI,VASHI,SUNDAY,Weekend
98555,V 51,CST-MUMBAI,VASHI,FRIDAY,Weekday
98557,V 53,CST-MUMBAI,VASHI,MONDAY,Weekday
98559,V 55,CST-MUMBAI,VASHI,WEDNESDAY,Weekday
98561,V 57,CST-MUMBAI,VASHI,WEDNESDAY,Weekday
98563,V 59,CST-MUMBAI,VASHI,FRIDAY,Weekday
98565,V 61,CST-MUMBAI,VASHI,SUNDAY,Weekend
98567,V 63,CST-MUMBAI,VASHI,FRIDAY,Weekday
98569,V 65,CST-MUMBAI,VASHI,SATURDAY,Weekend
98571,V67,CST-MUMBAI,VASHI,SATURDAY,Weekend
98573,V 69,CST-MUMBAI,VASHI,TUESDAY,Weekday
98575,V71,CST-MUMBAI,VASHI,MONDAY,Weekday
98577,V73,CST-MUMBAI,VASHI,SUNDAY,Weekend
98601,M 1,CST-MUMBAI,MANKHURD,MONDAY,Weekday
98603,M 3,CST-MUMBAI,MANKHURD,SATURDAY,Weekend
98605,CM1,CST-MUMBAI,CHEMBUR,THURSDAY,Weekday
98701,AD1,CST-MUMBAI,RAVLI JN,THURSDAY,Weekday
98703,AD3,CST-MUMBAI,RAVLI JN,TUESDAY,Weekday
98705,AD5,CST-MUMBAI,RAVLI JN,TUESDAY,Weekday
98707,AD7,CST-MUMBAI,RAVLI JN,SATURDAY,Weekend
98709,AD9,CST-MUMBAI,RAVLI JN,FRIDAY,Weekday
98711,AD11,CST-MUMBAI,RAVLI JN,THURSDAY,Weekday
98713,AD13,CST-MUMBAI,RAVLI JN,FRIDAY,Weekday
98715,AD 15,CST-MUMBAI,RAVLI JN,THURSDAY,Weekday
98717,AD 17,CST-MUMBAI,RAVLI JN,THURSDAY,Weekday
98719,AD 19,CST-MUMBAI,RAVLI JN,SATURDAY,Weekend
98721,AD21,CST-MUMBAI,RAVLI JN,MONDAY,Weekday
98723,AD23,CST-MUMBAI,RAVLI JN,FRIDAY,Weekday
98725,AD25,CST-MUMBAI,RAVLI JN,FRIDAY,Weekday
98727,AD27,CST-MUMBAI,RAVLI JN,WEDNESDAY,Weekday
98729,AD29,CST-MUMBAI,RAVLI JN,FRIDAY,Weekday
98731,AD 31,CST-MUMBAI,RAVLI JN,SATURDAY,Weekend
98733,AD 33,CST-MUMBAI,RAVLI JN,SATURDAY,Weekend
98735,AD 35,CST-MUMBAI,RAVLI JN,FRIDAY,Weekday
98737,AD 37,CST-MUMBAI,RAVLI JN,WEDNESDAY,Weekday
98739,AD 39,CST-MUMBAI,RAVLI JN,TUESDAY,Weekday
98741,AD 41,CST-MUMBAI,RAVLI JN,SATURDAY,Weekend
98743,AD 43,CST-MUMBAI,RAVLI JN,FRIDAY,Weekday
98745,AD 45,CST-MUMBAI,RAVLI JN,SATURDAY,Weekend
98747,AD 47,CST-MUMBAI,RAVLI JN,THURSDAY,Weekday
98749,AD 49,CST-MUMBAI,RAVLI JN,SUNDAY,Weekend
98751,AD 51,CST-MUMBAI,RAVLI JN,THURSDAY,Weekday
98753,AD 53,CST-MUMBAI,RAVLI JN,MONDAY,Weekday
98755,AD 55,CST-MUMBAI,RAVLI JN,SUNDAY,Weekend
98757,AD 57,CST-MUMBAI,RAVLI JN,FRIDAY,Weekday
98759,AD 59,CST-MUMBAI,RAVLI JN,TUESDAY,Weekday
98761,AD 61,CST-MUMBAI,RAVLI JN,TUESDAY,Weekday
98763,AD 63,CST-MUMBAI,RAVLI JN,SATURDAY,Weekend
98765,AD65,CST-MUMBAI,RAVLI JN,THURSDAY,Weekday
98767,AD 67,CST-MUMBAI,RAVLI JN,THURSDAY,Weekday
98769,AD69,CST-MUMBAI,RAVLI JN,THURSDAY,Weekday
98771,AD 71,CST-MUMBAI,RAVLI JN,WEDNESDAY,Weekday
98773,AD 73,CST-MUMBAI,RAVLI JN,SATURDAY,Weekend
98775,AD 75,CST-MUMBAI,RAVLI JN,WEDNESDAY,Weekday
98777,AD 77,CST-MUMBAI,RAVLI JN,FRIDAY,Weekday
98779,AD 79,CST-MUMBAI,RAVLI JN,MONDAY,Weekday
98781,AD 81,CST-MUMBAI,RAVLI JN,TUESDAY,Weekday
98783,AD 83,CST-MUMBAI,RAVLI JN,SUNDAY,Weekend
98785,AD 85,CST-MUMBAI,RAVLI JN,SUNDAY,Weekend
98801,B1,CST-MUMBAI,RAVLI JN,SATURDAY,Weekend
98803,B3,CST-MUMBAI,RAVLI JN,FRIDAY,Weekday
98805,B5,CST-MUMBAI,RAVLI JN,SATURDAY,Weekend
98807,B7,CST-MUMBAI,RAVLI JN,MONDAY,Weekday
98809,B9,CST-MUMBAI,RAVLI JN,MONDAY,Weekday
98811,B11,CST-MUMBAI,RAVLI JN,SUNDAY,Weekend
98813,B13,CST-MUMBAI,RAVLI JN,SATURDAY,Weekend
98815,B 15,CST-MUMBAI,RAVLI JN,TUESDAY,Weekday
98817,B17,CST-MUMBAI,RAVLI JN,SUNDAY,Weekend
98819,B19,CST-MUMBAI,RAVLI JN,SATURDAY,Weekend
98821,B 21,CST-MUMBAI,RAVLI JN,FRIDAY,Weekday
98823,B 23,CST-MUMBAI,RAVLI JN,SUNDAY,Weekend
98825,B25,CST-MUMBAI,RAVLI JN,SATURDAY,Weekend
98827,B27,CST-MUMBAI,RAVLI JN,SATURDAY,Weekend
98829,B29,CST-MUMBAI,RAVLI JN,MONDAY,Weekday
98831,B31,CST-MUMBAI,RAVLI JN,TUESDAY,Weekday
98833,B 33,CST-MUMBAI,RAVLI JN,SATURDAY,Weekend
98835,BA 35,CST-MUMBAI,RAVLI JN,FRIDAY,Weekday
98837,BA 37,CST-MUMBAI,RAVLI JN,TUESDAY,Weekday
98839,B 39,CST-MUMBAI,RAVLI JN,MONDAY,Weekday
98841,B 41,CST-MUMBAI,RAVLI JN,WEDNESDAY,Weekday
98843,B 43,CST-MUMBAI,RAVLI JN,FRIDAY,Weekday
98845,B 45,CST-MUMBAI,RAVLI JN,SATURDAY,Weekend
98847,B47,CST-MUMBAI,RAVLI JN,TUESDAY,Weekday
98849,B 49,CST-MUMBAI,RAVLI JN,MONDAY,Weekday
98851,B 51,CST-MUMBAI,RAVLI JN,FRIDAY,Weekday
98853,B 53,CST-MUMBAI,RAVLI JN,WEDNESDAY,Weekday
98855,B 55,CST-MUMBAI,RAVLI JN,MONDAY,Weekday
98857,B 57,CST-MUMBAI,RAVLI JN,SATURDAY,Weekend
98859,B59,CST-MUMBAI,RAVLI JN,THURSDAY,Weekday
98861,B61,CST-MUMBAI,RAVLI JN,SATURDAY,Weekend
98863,B63,CST-MUMBAI,RAVLI JN,WEDNESDAY,Weekday
98865,B 65,CST-MUMBAI,RAVLI JN,WEDNESDAY,Weekday
98867,BA 67,CST-MUMBAI,RAVLI JN,SATURDAY,Weekend
98869,B69,CST-MUMBAI,RAVLI JN,WEDNESDAY,Weekday
98871,BA 71,CST-MUMBAI,RAVLI JN,THURSDAY,Weekday
98873,B 73,CST-MUMBAI,RAVLI JN,TUESDAY,Weekday
98875,B 75,CST-MUMBAI,RAVLI JN,SATURDAY,Weekend
98877,B 77,CST-MUMBAI,RAVLI JN,SATURDAY,Weekend
98879,B 79,CST-MUMBAI,RAVLI JN,TUESDAY,Weekday
98881,B 81,CST-MUMBAI,RAVLI JN,FRIDAY,Weekday
98883,B 83,CST-MUMBAI,RAVLI JN,WEDNESDAY,Weekday
98885,B 85,CST-MUMBAI,RAVLI JN,FRIDAY,Weekday
98887,B 87,CST-MUMBAI,RAVLI JN,MONDAY,Weekday
