Source_Station_Name,MONDAY,TUESDAY,WEDNESDAY,THURSDAY,FRIDAY,SATURDAY,SUNDAY,Average_Trains_Per_Day
ABHANPUR JN.,0,1,0,0,0,1,0,0.2857142857142857
ABOHAR,0,0,1,0,0,0,0,0.14285714285714285
ABU ROAD,0,1,0,0,0,0,0,0.14285714285714285
ACHHNERA JN.,0,0,0,0,0,1,0,0.14285714285714285
ADILABAD,0,1,1,2,0,1,0,0.7142857142857143
ADRA,2,2,3,2,4,2,1,2.2857142857142856
ADRAJ MOTI,0,0,2,0,0,0,0,0.2857142857142857
AGARTALA,4,1,0,0,2,1,0,1.1428571428571428
AGRA  FORT,1,0,1,1,2,1,0,0.8571428571428571
AGRA CANTT,2,1,2,4,3,0,4,2.2857142857142856
AHMEDABAD,9,7,8,5,14,12,9,9.142857142857142
AHMEDABAD JN.,1,0,1,0,0,0,1,0.42857142857142855
AIT JN,2,1,1,0,0,1,0,0.7142857142857143
AJMER JN.,6,3,3,3,3,6,3,3.857142857142857
AJNI,1,0,2,0,1,1,0,0.7142857142857143
AKOLA JN.,0,0,0,2,0,2,0,0.5714285714285714
ALIGARH JN.,1,2,1,2,2,0,2,1.4285714285714286
ALIPUR DUAR JN.,1,1,0,2,3,1,1,1.2857142857142858
ALLAHABAD CITY,0,1,1,2,0,0,1,0.7142857142857143
ALLAHABAD JN.,4,2,3,2,2,1,4,2.5714285714285716
ALLEPPEY,1,1,1,1,1,1,2,1.1428571428571428
ALWAR JN.,0,1,0,0,0,0,1,0.2857142857142857
AMB  ANDAURA,0,1,1,1,1,0,0,0.5714285714285714
AMBALA CANTT JN,8,3,3,3,2,7,3,4.142857142857143
AMBERNATH,9,10,2,0,9,3,6,5.571428571428571
AMBIKAPUR,1,2,2,0,0,0,0,0.7142857142857143
AMBLIYASAN JN.,0,0,2,0,0,1,0,0.42857142857142855
AMLA JN.,0,0,1,2,0,0,0,0.42857142857142855
AMRAVATI,2,2,5,0,2,3,1,2.142857142857143
AMRITSAR JN.,10,7,5,6,12,10,7,8.142857142857142
AMTA,0,0,1,0,0,1,1,0.42857142857142855
ANAND JN.,3,3,4,6,4,1,4,3.5714285714285716
ANAND VIHAR TERMINAL,7,3,5,6,5,11,10,6.714285714285714
ANDAL JN.,0,4,0,0,2,0,0,0.8571428571428571
ANDHERI,0,0,0,0,1,0,0,0.14285714285714285
ANGUL,1,0,0,0,0,0,0,0.14285714285714285
ANKLESHWAR JN.,0,0,1,0,0,0,0,0.14285714285714285
ANUPGARH,0,3,0,0,1,0,0,0.5714285714285714
ANUPPUR JN.,0,1,0,0,1,0,0,0.2857142857142857
ARA,0,0,2,3,1,0,0,0.8571428571428571
ARAKKONAM JN,7,6,5,6,3,10,7,6.285714285714286
ARAMBAG,4,2,0,1,3,2,1,1.8571428571428572
ARSIKERE JN.,1,0,1,2,0,0,0,0.5714285714285714
ASANGAON,2,3,5,3,2,3,2,2.857142857142857
ASANSOL MAIN,7,11,6,7,4,6,1,6.0
ATARI JN,0,2,0,1,0,1,0,0.5714285714285714
AUNRIHAR JN.,1,0,0,0,0,0,2,0.42857142857142855
AURANGABAD,0,0,1,0,0,2,2,0.7142857142857143
AVADI,8,3,5,7,8,6,4,5.857142857142857
AYODHYA,0,0,0,0,1,1,1,0.42857142857142855
AZAMGARH,0,0,0,2,0,1,1,0.5714285714285714
AZIMGANJ JN.,3,6,4,3,1,5,1,3.2857142857142856
BADAMPAHAR,0,0,0,0,0,0,1,0.14285714285714285
BADARPUR JN.,1,0,0,0,0,0,0,0.14285714285714285
BADLAPUR,4,4,8,4,5,7,3,5.0
BADNERA JN.,0,3,2,1,1,0,0,1.0
BADSHAHNAGAR,0,0,0,0,0,1,0,0.14285714285714285
BAGALKOT,0,0,1,0,0,0,0,0.14285714285714285
BAGAVATHIPURAM,0,0,0,0,1,0,0,0.14285714285714285
BAGNAN,0,1,0,0,1,0,1,0.42857142857142855
BAHRAICH,0,1,1,1,1,4,1,1.2857142857142858
BAIDYANATHDHAM,2,0,2,1,3,1,1,1.4285714285714286
BAIJNATH PAPROLA,0,0,1,1,1,1,0,0.5714285714285714
BAIYYAPPANAHALLI,0,1,0,0,0,1,1,0.42857142857142855
BAKHTIYARPUR JN.,0,0,1,0,1,0,1,0.42857142857142855
BALAMAU JN.,1,0,0,1,1,1,0,0.5714285714285714
BALANGIR,0,0,0,0,0,1,0,0.14285714285714285
BALASORE,0,1,0,0,1,1,2,0.7142857142857143
BALGONA,1,0,0,0,3,0,0,0.5714285714285714
BALHARSHAH,0,1,1,1,1,2,1,1.0
BALICHAK,1,0,0,0,0,0,0,0.14285714285714285
BALLABGARH,0,0,1,0,0,0,0,0.14285714285714285
BALLIA,1,0,1,3,0,1,0,0.8571428571428571
BALLY,1,0,0,0,0,0,0,0.14285714285714285
BALLYGUNGE JN.,0,0,0,0,1,0,0,0.14285714285714285
"BALRAMPUR,",1,0,0,0,0,0,0,0.14285714285714285
BALURGHAT,1,1,0,1,1,0,0,0.5714285714285714
BAMANHAT,0,1,0,1,0,0,1,0.42857142857142855
BANASWADI,0,0,0,0,0,0,1,0.14285714285714285
BANDEL JN.,9,5,12,19,9,14,5,10.428571428571429
BANDIKUI JN.,1,0,1,0,1,0,0,0.42857142857142855
BANDRA TERMINUS,3,10,10,8,4,8,6,7.0
BANGALORE CANTT.,0,2,0,1,1,3,0,1.0
BANGAON JN.,4,4,10,10,8,6,6,6.857142857142857
BANGARPET JN.,1,3,3,2,1,0,1,1.5714285714285714
BANGRIPOSI,0,0,0,0,1,1,1,0.42857142857142855
BANIHAL,1,0,1,3,2,2,2,1.5714285714285714
BANKA,1,2,0,1,0,0,0,0.5714285714285714
BANKURA,2,0,1,0,2,1,2,1.1428571428571428
BARA BANKI JN.,2,1,0,0,0,1,1,0.7142857142857143
BARABHUM,0,0,0,0,0,1,1,0.2857142857142857
BARAMATI,0,0,1,0,1,2,0,0.5714285714285714
BARAMULLA,1,1,0,2,1,3,1,1.2857142857142858
BARASAT JN.,6,2,0,4,4,3,3,3.142857142857143
BARAUNI JN.,4,2,2,3,4,4,1,2.857142857142857
BARAUT,1,0,0,0,0,0,0,0.14285714285714285
BARBIL,0,2,1,1,0,0,0,0.5714285714285714
BARDDHAMAN JN.,10,14,14,8,6,20,6,11.142857142857142
BAREILLY CITY,1,4,1,1,5,3,0,2.142857142857143
BAREILLY JN.,2,4,2,4,4,1,0,2.4285714285714284
BARHAJ BAZAR,1,1,0,1,0,1,0,0.5714285714285714
BARHARWA JN.,2,0,1,0,0,2,1,0.8571428571428571
BARHNI,1,1,0,1,0,0,0,0.42857142857142855
BARI,0,0,1,0,0,0,0,0.14285714285714285
BARIPADA PH,1,0,1,1,0,1,0,0.5714285714285714
BARKAKANA,2,0,1,1,1,1,2,1.1428571428571428
BARMER,1,0,2,1,1,2,0,1.0
BARRACKPORE,0,4,3,2,1,3,5,2.5714285714285716
BARSOI JN.,0,0,0,1,0,0,0,0.14285714285714285
BARSUAN,0,0,1,0,0,0,0,0.14285714285714285
BARUI PARA,0,1,1,0,0,0,1,0.42857142857142855
BARUIPUR JN.,5,4,5,2,4,1,4,3.5714285714285716
BARWADIH JN,0,2,2,0,0,1,0,0.7142857142857143
BASTI,1,0,0,0,1,0,0,0.2857142857142857
BATHINDA JN,2,4,1,0,3,1,5,2.2857142857142856
BATHUA BAZAR HALT,0,0,1,0,0,0,0,0.14285714285714285
BAYANA,0,0,1,1,0,1,1,0.5714285714285714
BEAS JN,1,1,0,0,0,0,2,0.5714285714285714
BELAPUR C.B.D,9,6,10,6,6,9,5,7.285714285714286
BELDA,0,0,0,0,1,0,0,0.14285714285714285
BELGAUM,3,0,0,0,0,0,1,0.5714285714285714
BELLARY JN.,0,0,1,0,0,1,0,0.2857142857142857
BELURMATH,1,0,3,0,1,0,1,0.8571428571428571
BENOY BADAL DINESH BAG,1,1,1,0,1,0,1,0.7142857142857143
BERHAMPUR,0,0,0,0,2,1,1,0.5714285714285714
BETTIAH,0,0,0,0,0,0,1,0.14285714285714285
BETUL,0,0,1,0,1,0,0,0.2857142857142857
BHABUA ROAD,0,0,0,2,0,0,0,0.2857142857142857
BHADRACHALAM ROAD,1,0,0,1,0,1,0,0.42857142857142855
BHADRAKH,1,0,0,1,2,1,0,0.7142857142857143
BHAGA JN,1,0,0,0,0,0,1,0.2857142857142857
BHAGALPUR,1,4,1,5,1,1,6,2.7142857142857144
BHAGAT-KI-KOTHI,1,3,1,1,1,2,1,1.4285714285714286
BHAGTANWALA,0,0,1,0,0,0,1,0.2857142857142857
BHAIRABI,0,1,0,0,0,0,0,0.14285714285714285
BHALUKPONG,0,0,1,0,0,0,0,0.14285714285714285
BHANJPUR,0,0,0,1,1,0,1,0.42857142857142855
BHANVAD,0,0,1,0,1,0,0,0.2857142857142857
BHARATPUR JN,1,0,0,0,0,1,1,0.42857142857142855
BHARUCH JN.,1,0,1,1,0,1,0,0.5714285714285714
BHATNI JN.,1,0,1,1,1,2,0,0.8571428571428571
BHAVNAGAR TERMINUS,1,1,1,5,4,1,3,2.2857142857142856
BHILAD,0,0,1,0,0,0,0,0.14285714285714285
BHILDI JN,0,0,0,0,0,1,0,0.14285714285714285
BHILWARA,0,0,1,0,0,0,0,0.14285714285714285
BHIMAVARAM JN.,1,0,1,2,1,2,1,1.1428571428571428
BHIMAVARAM TOWN,0,0,0,0,1,0,0,0.14285714285714285
BHIND,1,1,1,1,1,0,0,0.7142857142857143
BHIWANI JN.,1,1,1,2,2,2,0,1.2857142857142858
BHOJUDIH JN.,1,0,1,0,1,1,0,0.5714285714285714
BHONGIR,0,0,0,1,0,0,0,0.14285714285714285
BHOPAL,3,5,0,2,2,2,2,2.2857142857142856
BHUBANESWAR,6,2,5,1,6,4,7,4.428571428571429
BHUSAVAL JN.,1,2,4,0,0,4,2,1.8571428571428572
BIDAR,1,0,1,3,0,1,2,1.1428571428571428
BIJAPUR JN,1,2,2,1,0,0,0,0.8571428571428571
BIKANER JN.,4,7,1,2,4,3,4,3.5714285714285716
BILARA,0,0,1,0,0,0,0,0.14285714285714285
BILASPUR JN.,3,3,6,4,3,6,5,4.285714285714286
BINA,2,2,0,0,2,3,1,1.4285714285714286
BIR,2,0,0,0,0,0,0,0.2857142857142857
BIRAUL,0,0,0,0,2,1,0,0.42857142857142855
BIRMITRAPUR,0,0,1,0,0,0,0,0.14285714285714285
BIRUR JN.,0,0,0,0,1,0,0,0.14285714285714285
BISHNUPUR,0,0,1,0,0,0,0,0.14285714285714285
BITRAGUNTA,0,0,0,1,0,0,1,0.2857142857142857
BOBBILI JN.,0,3,0,1,1,0,0,0.7142857142857143
BODHAN,2,0,1,0,0,0,0,0.42857142857142855
BOISAR,1,0,0,0,0,0,0,0.14285714285714285
BOKARO STEEL CITY,1,1,0,1,1,0,1,0.7142857142857143
BOLARUM,0,1,1,0,0,0,1,0.42857142857142855
BOLPUR,0,0,0,0,0,0,2,0.2857142857142857
BORDHAI,0,0,0,1,0,0,0,0.14285714285714285
BORIVLI,1,0,1,0,0,0,0,0.2857142857142857
BOTAD,0,0,0,1,1,0,0,0.2857142857142857
BOTAD JN (MG),0,1,0,0,1,1,2,0.7142857142857143
BUDGAM,3,0,1,0,0,2,4,1.4285714285714286
BUDGE BUDGE,4,5,4,3,5,5,5,4.428571428571429
BULANDSHAHR,0,0,0,0,0,1,0,0.14285714285714285
BUNIYADPUR,0,0,0,1,0,0,0,0.14285714285714285
BURHWAL JN.,0,0,1,1,0,0,0,0.2857142857142857
BUXAR,0,2,1,0,0,0,0,0.42857142857142855
BYNDOOR,0,0,0,0,0,0,1,0.14285714285714285
CALICUT,0,2,0,2,0,1,0,0.7142857142857143
CANNING,7,2,7,4,3,3,3,4.142857142857143
CASTLE ROCK,0,0,0,1,0,0,0,0.14285714285714285
CHAIBASA,0,0,0,0,1,0,0,0.14285714285714285
CHAKARADHARPUR,0,0,3,2,1,0,0,0.8571428571428571
CHAKULIA,0,0,0,0,1,0,0,0.14285714285714285
CHALISGAON JN.,0,1,0,1,0,1,0,0.42857142857142855
CHAMPAHATI,0,0,0,0,0,1,0,0.14285714285714285
CHAMRAJANAGAR,0,2,0,2,0,0,1,0.7142857142857143
CHANDAFORT,1,1,0,0,0,0,0,0.2857142857142857
CHANDANPUR,2,0,0,0,0,1,1,0.5714285714285714
CHANDAUSI JN.,1,0,1,0,0,0,0,0.2857142857142857
CHANDIA ROAD,0,0,0,0,1,0,0,0.14285714285714285
CHANDIGARH,3,4,0,3,1,4,2,2.4285714285714284
CHANDRAPURA JN.,0,0,1,0,0,0,0,0.14285714285714285
CHANNA PATNA,0,0,0,1,0,0,0,0.14285714285714285
CHEMBUR,0,1,0,0,0,0,0,0.14285714285714285
CHENGALPATTU,10,13,14,13,6,4,14,10.571428571428571
CHENNAI BEACH,48,58,42,47,49,47,48,48.42857142857143
CHENNAI CENTRAL,12,10,13,9,16,11,7,11.142857142857142
CHENNAI EGMORE,3,7,4,6,5,0,5,4.285714285714286
CHERVATTUR,1,0,0,0,0,0,0,0.14285714285714285
CHHAPRA JN.,3,2,5,4,2,3,3,3.142857142857143
CHHAPRA KACHEHRI,0,0,0,0,0,1,1,0.2857142857142857
CHHATRAPATI SHAHU MAHARAJ TERMINUS,0,3,2,3,3,4,2,2.4285714285714284
CHHEOKI,0,0,1,0,0,0,0,0.14285714285714285
CHHINWARA JN,1,1,0,0,3,0,0,0.7142857142857143
CHHOTA UDEPUR,1,0,0,0,2,1,0,0.5714285714285714
CHIKJAJUR JN.,0,2,0,0,0,1,1,0.5714285714285714
CHIKMAGALURU,0,0,1,1,0,0,0,0.2857142857142857
CHIRMIRI,0,1,1,1,1,0,1,0.7142857142857143
CHITRADURG,0,0,0,0,0,1,1,0.2857142857142857
CHITRAKUTDHAM KARWI,0,0,0,1,0,0,0,0.14285714285714285
CHITTAURGARH JN,0,0,0,0,1,1,2,0.5714285714285714
CHITTOOR,0,0,0,1,0,0,0,0.14285714285714285
CHOPAN,4,0,0,0,2,0,1,1.0
CHUNAR JN.,1,0,0,0,0,1,0,0.2857142857142857
CHURCHGATE,1,0,1,1,0,1,3,1.0
CHURU,2,0,0,0,0,1,0,0.42857142857142855
COIMBATORE  JN.,3,7,6,3,4,4,3,4.285714285714286
COONOOR,1,0,0,0,1,0,1,0.42857142857142855
CST-MUMBAI,58,77,78,72,79,80,69,73.28571428571429
CUDDALORE PORT JN.,0,0,0,0,0,0,1,0.14285714285714285
CUDDAPAH,0,1,0,0,0,1,2,0.5714285714285714
CUTTACK JN.,2,1,1,0,2,0,2,1.1428571428571428
DADAR,5,7,8,5,9,4,7,6.428571428571429
DAHANU ROAD,4,4,5,2,1,2,3,3.0
DAHEJ,0,0,0,0,1,0,0,0.14285714285714285
DAHOD,0,1,2,0,1,1,2,1.0
DAKOR,0,0,0,0,0,1,1,0.2857142857142857
DALIGANJ JN,0,1,0,0,0,0,0,0.14285714285714285
DALLI-RAJHARA,0,0,0,0,0,2,1,0.42857142857142855
DAMOH,1,0,1,0,0,0,0,0.2857142857142857
DANAPUR,3,0,2,2,3,0,4,2.0
DANGARI,0,0,0,1,0,0,0,0.14285714285714285
DANKAUR,0,1,0,0,1,0,0,0.2857142857142857
DANKUNI JN.,4,4,3,3,1,1,5,3.0
DARBHANGA JN.,2,1,3,6,0,1,5,2.5714285714285716
DARJEELING,4,1,0,2,1,3,1,1.7142857142857142
DATTAPUKUR,1,0,2,2,2,3,1,1.5714285714285714
DAUND JN.,1,1,1,0,1,1,2,1.0
DAURAM MADHEPURA,0,0,0,0,1,0,0,0.14285714285714285
DEHRA DUN,1,5,1,2,4,5,1,2.7142857142857144
DEHRI-ON-SON,1,1,1,0,2,2,0,1.0
DEKARGAON,2,1,1,1,1,0,0,0.8571428571428571
DELHI JN.,14,9,10,12,19,16,8,12.571428571428571
DELHI-SAFDAR JANG,0,1,1,0,1,0,0,0.42857142857142855
DELHI-SARAI ROHILLA,4,4,3,3,1,4,5,3.4285714285714284
DELVADA,0,0,0,0,1,0,1,0.2857142857142857
DEOGHAR,0,0,0,0,0,1,0,0.14285714285714285
DERABABA NANAK,0,0,1,0,2,1,0,0.5714285714285714
DEVANHALLI,0,1,0,0,0,0,0,0.14285714285714285
DEVLALI,1,0,0,0,0,0,0,0.14285714285714285
DHAMTARI,0,0,0,0,1,0,2,0.42857142857142855
DHANAURI,2,0,0,0,0,0,0,0.2857142857142857
DHANBAD JN.,3,1,4,1,1,3,5,2.5714285714285716
DHARMABAD,0,1,0,0,0,0,0,0.14285714285714285
DHARMANAGAR,1,1,1,0,0,0,0,0.42857142857142855
DHARMAPURI,0,0,0,0,1,0,0,0.14285714285714285
DHARMAVARAM JN.,0,0,0,0,0,0,1,0.14285714285714285
DHARWAD,0,0,0,1,1,3,0,0.7142857142857143
DHASA JN (MG),0,0,1,0,0,1,2,0.5714285714285714
DHOLA JN,0,1,0,0,0,0,0,0.14285714285714285
DHOLPUR (NG),0,0,0,0,0,0,2,0.2857142857142857
DHONE JN,0,0,1,0,0,0,0,0.14285714285714285
DHRANGADHRA,0,0,1,0,1,1,0,0.42857142857142855
DHUBRI,0,0,0,1,0,1,0,0.2857142857142857
DHULE,1,0,0,0,0,1,1,0.42857142857142855
DHURI JN.,0,1,0,1,0,1,0,0.42857142857142855
DIAMOND HARBOUR,6,7,1,4,1,5,3,3.857142857142857
DIBRUGARH,2,3,2,1,1,2,2,1.8571428571428572
DIBRUGARH TOWN,0,1,1,1,0,3,0,0.8571428571428571
DIGHA FS,2,2,2,0,3,1,1,1.5714285714285714
DIGHA GHAT,0,2,0,0,0,0,0,0.2857142857142857
DILDARNAGAR JN,0,1,0,0,1,2,0,0.5714285714285714
DIMAPUR,1,0,0,0,1,0,1,0.42857142857142855
DINDIGUL JN,0,0,2,1,0,0,0,0.42857142857142855
DINHATA,0,0,1,0,0,0,0,0.14285714285714285
DIVA JN,0,2,2,0,2,0,1,1.0
DOHRIGHAT,2,1,0,1,0,0,0,0.5714285714285714
DOMBIVLI,3,7,4,4,5,6,4,4.714285714285714
DOMBIVLI CTL,1,0,0,0,0,0,0,0.14285714285714285
DONGAR GARH,0,0,1,1,0,2,1,0.7142857142857143
DORNAKAL JN.,0,1,0,0,1,1,0,0.42857142857142855
DULLABCHERRA,0,0,2,0,0,0,0,0.2857142857142857
DUM DUM JN.,0,0,0,1,1,1,1,0.5714285714285714
DUMDUM CANTONMENT,0,0,0,0,0,1,0,0.14285714285714285
DUMKA,2,1,0,0,2,0,0,0.7142857142857143
DURAUNDHA JN,0,1,2,3,0,0,2,1.1428571428571428
DURG,5,1,3,3,4,5,5,3.7142857142857144
DURGAPUR,0,0,0,0,1,0,0,0.14285714285714285
EDAMANN,1,0,0,0,0,0,2,0.42857142857142855
ENNORE,0,0,0,0,0,0,1,0.14285714285714285
ERNAKULAM. JN,4,6,8,2,9,8,3,5.714285714285714
ERODE JN.,1,1,3,1,3,1,3,1.8571428571428572
ETAH,0,0,1,1,0,0,0,0.2857142857142857
ETAWAH,0,1,0,1,0,4,0,0.8571428571428571
FAIZABAD JN.,2,2,1,1,1,2,2,1.5714285714285714
FALAKNUMA,4,13,4,7,6,6,8,6.857142857142857
FARRUKHABAD JN,1,1,1,1,3,1,1,1.2857142857142858
FARUKHNAGAR,0,0,1,1,1,1,2,0.8571428571428571
FATEHPUR,0,0,0,0,0,0,1,0.14285714285714285
FATEHPUR-SHEKHAWATI,0,0,0,1,0,0,0,0.14285714285714285
FATUHA,1,0,1,0,1,0,0,0.42857142857142855
FAZILKA JN.,4,1,2,0,2,3,0,1.7142857142857142
FIROZPUR CANTT JN.,6,2,8,5,3,2,2,4.0
FURKATING JN.,0,0,0,0,0,1,0,0.14285714285714285
GADAG JN.,0,0,0,1,0,0,0,0.14285714285714285
GADWAL,0,0,0,0,0,0,1,0.14285714285714285
GAJRAULA JN.,1,0,0,0,1,1,0,0.42857142857142855
GANDHIDHAM JN.,1,0,1,2,2,4,1,1.5714285714285714
GANDHIGRAM,0,1,1,0,0,1,1,0.5714285714285714
GANDHINAGAR CAPITAL,0,0,0,1,1,0,1,0.42857142857142855
GARBETA,0,0,1,0,0,0,1,0.2857142857142857
GARHI HARSARU JN.,0,1,0,0,0,0,1,0.2857142857142857
GARWA ROAD JN.,0,0,0,1,0,0,0,0.14285714285714285
GAYA JN.,3,4,4,5,7,4,3,4.285714285714286
GEDE,7,0,3,2,1,3,4,2.857142857142857
GEVRA-ROAD,0,4,1,1,0,0,0,0.8571428571428571
GHAT KOPAR,0,1,0,1,0,0,0,0.2857142857142857
GHATSILA,0,0,0,1,0,0,0,0.14285714285714285
GHAZIABAD JN.,5,3,4,5,3,4,2,3.7142857142857144
GHAZIPUR CITY,2,0,1,0,4,0,1,1.1428571428571428
GIRDIH,1,1,0,3,0,0,0,0.7142857142857143
GOBARDANGA,1,1,0,1,0,0,1,0.5714285714285714
GODHRA JN.,1,0,0,2,0,0,1,0.5714285714285714
GONDA JN.,1,2,1,1,0,0,3,1.1428571428571428
GONDIA JN.,2,2,2,1,5,6,3,3.0
GORAKHPUR JN.,10,9,11,8,16,6,7,9.571428571428571
GRAM MASAGRAM,2,1,1,0,0,0,1,0.7142857142857143
GUA,0,2,0,0,0,0,0,0.2857142857142857
GUDIVADA JN.,0,1,4,2,0,0,3,1.4285714285714286
GUDUM,0,0,1,0,0,0,0,0.14285714285714285
GUDUR JN.,0,1,0,1,0,2,1,0.7142857142857143
GULBARGA,2,0,1,0,1,0,2,0.8571428571428571
GUMMIDIPUNDI,6,9,5,4,2,3,2,4.428571428571429
GUNA,0,0,1,0,0,1,0,0.2857142857142857
GUNTAKAL JN.,4,0,0,0,1,2,1,1.1428571428571428
GUNTUR JN.,2,3,3,4,2,6,2,3.142857142857143
GUNUPUR,0,1,1,2,0,0,0,0.5714285714285714
GURAP,0,0,0,1,0,0,0,0.14285714285714285
GURUVAYUR,2,0,1,0,1,3,0,1.0
GUWAHATI,3,3,6,6,5,2,10,5.0
GWALIOR (NG),0,1,0,1,0,0,1,0.42857142857142855
GWALIOR JN,1,2,1,2,3,0,2,1.5714285714285714
HABIBGANJ,2,2,0,0,1,1,0,0.8571428571428571
HABRA,0,0,1,3,2,0,2,1.1428571428571428
HAIBARGAON,0,1,0,0,0,0,0,0.14285714285714285
HAJIPUR JN.,0,1,0,1,0,0,1,0.42857142857142855
HALDIA,4,1,0,0,2,0,0,1.0
HALDIBARI,0,1,2,0,0,1,1,0.7142857142857143
HANSDIHA,0,0,1,0,1,1,1,0.5714285714285714
HANUMANGARH JN.,1,0,0,0,0,0,1,0.2857142857142857
HAPA,2,0,1,1,0,1,0,0.7142857142857143
HARI PAL,0,0,1,0,0,0,0,0.14285714285714285
HARIDWAR JN,3,3,3,3,2,2,3,2.7142857142857144
HARIHAR JN.,1,0,0,0,0,0,1,0.2857142857142857
HASANABAD,1,4,2,4,2,2,7,3.142857142857143
HASSAN JN.,0,0,0,1,0,0,0,0.14285714285714285
HATHRAS JN.,0,1,0,0,0,0,0,0.14285714285714285
HATHRAS QILAH,0,0,0,2,0,0,0,0.2857142857142857
HATIA,3,3,5,1,4,3,0,2.7142857142857144
HAZARIBAGH ROAD,0,0,0,0,0,1,0,0.14285714285714285
HAZRAT NIZAMUDDIN JN,12,17,9,8,12,4,4,9.428571428571429
HIJLI,0,0,0,0,0,2,0,0.2857142857142857
HINDUPUR,0,0,1,0,0,1,0,0.2857142857142857
HISAR JN,4,1,1,2,0,5,1,2.0
HOSHIARPUR,1,2,0,0,1,1,3,1.1428571428571428
HOSPET JN.,1,0,0,0,0,0,0,0.14285714285714285
HOSUR,0,1,0,0,0,0,1,0.2857142857142857
HOWRAH JN.,50,50,60,28,51,53,46,48.285714285714285
HUBLI JN.,3,3,5,3,6,2,4,3.7142857142857144
HUMNABAD,1,0,0,0,0,0,0,0.14285714285714285
HYDERABAD DECCAN,7,9,10,11,4,5,13,8.428571428571429
IDGAH,1,0,0,0,1,0,2,0.5714285714285714
IGATPURI,0,0,0,0,0,1,0,0.14285714285714285
INDARA JN.,0,1,1,0,0,2,0,0.5714285714285714
INDORE BG,5,5,6,7,4,2,12,5.857142857142857
ISLAMPUR,0,1,2,0,0,2,0,0.7142857142857143
ITARSI,0,1,3,2,0,0,0,0.8571428571428571
ITWARI JN.,1,3,1,3,1,2,1,1.7142857142857142
JABALPUR,1,4,4,8,6,2,2,3.857142857142857
JAGADALPUR,0,2,0,0,0,1,0,0.42857142857142855
JAGITYAL,0,0,1,0,1,0,0,0.2857142857142857
JAIJON DOABA,0,1,0,0,1,0,1,0.42857142857142855
JAIPUR JN.,6,6,5,5,6,5,4,5.285714285714286
JAISALMER,0,0,4,0,2,0,2,1.1428571428571428
JAJPUR KEONJHAR ROAD,0,1,0,0,0,0,0,0.14285714285714285
JAKHAL JN.,0,2,0,0,0,0,0,0.2857142857142857
JAKLAIR,0,0,0,1,0,0,0,0.14285714285714285
JALANDHAR CITY JN.,5,5,6,2,4,3,2,3.857142857142857
JALNA,1,0,0,0,1,1,1,0.5714285714285714
JAMALPUR JN.,6,3,1,1,3,5,5,3.4285714285714284
JAMMU TAWI,2,2,6,4,5,4,6,4.142857142857143
JAMNAGAR,0,2,0,0,0,1,1,0.5714285714285714
JANGAON,1,0,0,0,0,0,0,0.14285714285714285
JANGIPUR ROAD,0,1,0,0,0,0,0,0.14285714285714285
JASIDIH JN.,1,6,1,3,0,4,7,3.142857142857143
JAUNPUR JN.,1,0,2,0,2,1,0,0.8571428571428571
JAWALAMUKHI ROAD,0,0,0,0,0,1,0,0.14285714285714285
JAYNAGAR,0,6,5,0,5,1,2,2.7142857142857144
JETALSAR JN (MG),1,0,0,1,0,0,0,0.2857142857142857
JHAJHA,1,1,1,0,1,1,1,0.8571428571428571
JHALAWAR CITY,0,0,2,0,0,0,1,0.42857142857142855
JHANSI JN,2,2,5,2,0,2,1,2.0
JHARGRAM,1,2,1,2,1,2,0,1.2857142857142858
JHARSUGUDA JN.,0,0,3,1,0,0,1,0.7142857142857143
JIND JN,2,3,0,5,2,2,1,2.142857142857143
JIRIBAM,0,0,1,0,0,0,0,0.14285714285714285
JODHPUR JN.,3,3,9,3,2,6,4,4.285714285714286
JOGBANI,2,1,4,0,1,1,1,1.4285714285714286
JOGINDER NAGAR,0,0,0,0,0,0,2,0.2857142857142857
JOLARPETTAI JN,0,1,0,0,2,2,1,0.8571428571428571
JORHAT TOWN,0,0,0,0,0,0,2,0.2857142857142857
JUNAGADH JN,0,0,1,0,1,0,0,0.2857142857142857
JUNAGARH ROAD,1,1,0,0,0,1,0,0.42857142857142855
KABAKA PUTTUR,0,0,1,1,0,0,0,0.2857142857142857
KACHEGUDA,1,8,6,3,2,6,4,4.285714285714286
KADAMBATTUR,1,1,2,0,0,0,0,0.5714285714285714
KAKINADA PORT,1,1,2,1,2,1,2,1.4285714285714286
KAKINADA TOWN,1,3,0,2,1,0,2,1.2857142857142858
KALIANPUR,1,0,0,0,0,0,1,0.2857142857142857
KALKA,4,3,3,1,1,1,2,2.142857142857143
KALYAN JN,40,42,34,32,42,48,47,40.714285714285715
KALYANI SIMANTA,5,3,3,1,4,0,1,2.4285714285714284
KAMAKHYA JN,3,1,1,2,3,4,4,2.5714285714285716
KANALUS,1,0,0,0,0,0,0,0.14285714285714285
KANCHIPURAM,0,0,0,0,0,1,1,0.2857142857142857
KANKURGACHHI ROAD JN.,1,0,0,0,0,0,1,0.2857142857142857
KANNIYAKUMARI,4,3,3,1,0,0,1,1.7142857142857142
KANNUR,1,1,2,2,1,1,3,1.5714285714285714
KANPUR ANWARGANJ,0,1,0,1,1,0,0,0.42857142857142855
KANPUR CENTRAL JN.,3,4,9,6,6,6,8,6.0
KAPTANGANJ JN.,0,1,0,1,0,0,0,0.2857142857142857
KARAIKAL,0,1,3,1,2,3,0,1.4285714285714286
KARAIKKUDI,0,0,0,1,1,1,1,0.5714285714285714
KARIM NAGAR,1,0,2,1,1,0,0,0.7142857142857143
KARJAT,7,4,13,2,3,5,5,5.571428571428571
KARMALI,2,0,1,0,1,0,1,0.7142857142857143
KARUR JN.,0,1,0,2,0,0,1,0.5714285714285714
KASARA,2,1,2,5,3,2,3,2.5714285714285716
KASARAGOD,0,0,1,0,0,0,0,0.14285714285714285
KASGANJ JN.,3,0,2,2,4,3,2,2.2857142857142856
KASHIPUR JN,1,2,1,1,0,0,0,0.7142857142857143
KATANGI,1,0,1,0,0,3,0,0.7142857142857143
KATHANA,1,0,0,0,1,0,0,0.2857142857142857
KATHGODAM,2,0,1,3,0,2,2,1.4285714285714286
KATIHAR JN.,6,1,6,6,6,6,2,4.714285714285714
KATNI,1,1,1,0,1,0,1,0.7142857142857143
KATNI MURWARA,0,0,0,1,0,1,0,0.2857142857142857
KATPADI JN,1,1,1,0,2,2,0,1.0
KATWA JN.,1,7,3,6,3,2,8,4.285714285714286
KAWAR,1,1,0,0,0,0,0,0.2857142857142857
KAWR,0,2,0,1,0,1,0,0.5714285714285714
KAYANKULAM JN,1,1,0,2,0,0,0,0.5714285714285714
KAZIPET JN.,2,1,1,2,2,0,1,1.2857142857142858
KENDRI,1,1,1,1,0,0,0,0.5714285714285714
KENDUJHAR,0,0,0,0,0,0,1,0.14285714285714285
KHAGARIA JN.,1,0,0,0,0,0,1,0.2857142857142857
KHAJAURAHO,1,2,0,1,2,1,0,1.0
KHAMBHAT,0,2,1,2,1,1,1,1.1428571428571428
KHANDWA JN. (CR),0,0,1,0,0,0,1,0.2857142857142857
KHANODIH,0,1,0,0,0,0,0,0.14285714285714285
KHARAGPUR,2,6,1,4,7,5,7,4.571428571428571
KHEM KARAN,0,0,0,1,0,0,3,0.5714285714285714
KHIJADIYA JN,0,0,0,0,1,0,0,0.14285714285714285
KHURDA ROAD JN.,1,0,1,0,1,0,2,0.7142857142857143
KHURJA JN,1,1,0,0,1,1,1,0.7142857142857143
KIRANDUL,0,0,0,1,1,0,0,0.2857142857142857
KISHANGANJ,0,0,0,1,0,1,0,0.2857142857142857
KIUL JN.,0,1,3,2,2,1,3,1.7142857142857142
KOCHUVELI,1,2,1,5,1,2,3,2.142857142857143
KODERMA,1,2,2,0,0,0,0,0.7142857142857143
KODINAR,1,0,0,0,0,0,0,0.14285714285714285
KOLAGHAT,0,0,1,0,0,0,0,0.14285714285714285
KOLAR,2,1,0,1,0,1,0,0.7142857142857143
KOLKATA,4,6,6,5,5,3,8,5.285714285714286
KONCH,1,2,1,0,0,1,0,0.7142857142857143
KORAPUT JN.,1,0,0,0,1,1,1,0.5714285714285714
KORBA,1,0,0,0,1,2,0,0.5714285714285714
KOSI KALAN,0,0,2,0,0,1,1,0.5714285714285714
KOT KAPURA JN,1,0,0,0,0,1,0,0.2857142857142857
KOTA,3,3,3,3,2,2,3,2.7142857142857144
KOTDWARA,0,0,2,1,1,1,1,0.8571428571428571
KOTIPALLI,0,0,0,0,1,0,0,0.14285714285714285
KOTTAYAM,1,2,0,0,0,0,1,0.5714285714285714
KRANTIVIRA SANGOLLI RAYANNA (BENGALURU STATION),4,11,15,8,13,8,5,9.142857142857142
KRISHNA NAGAR CITY JN.,5,3,2,3,3,3,7,3.7142857142857144
KRISHNA RAJA PURAM,0,0,1,0,0,0,1,0.2857142857142857
KULEM,0,1,1,0,1,0,0,0.42857142857142855
KUMBAKONAM,0,0,1,0,0,0,0,0.14285714285714285
KUPPAM,1,0,2,0,0,0,0,0.42857142857142855
KURDUVADI JN.,0,0,0,0,0,0,1,0.14285714285714285
KURLA,2,5,3,5,8,1,4,4.0
KURNOOL TOWN,0,0,3,1,0,0,1,0.7142857142857143
KURSEONG,0,0,1,0,0,1,0,0.2857142857142857
KURUKSHETRA JN.,1,3,2,1,3,1,2,1.8571428571428572
KUSUNDA,0,0,0,0,1,0,0,0.14285714285714285
KWAKDWIP,1,0,0,0,0,0,0,0.14285714285714285
LAKSHMIKANTAPUR,4,4,5,6,9,4,6,5.428571428571429
LALGARH JN.,0,0,0,1,0,1,0,0.2857142857142857
LALGOLA,2,3,1,2,1,3,4,2.2857142857142856
LALGUDI,1,0,0,0,0,0,0,0.14285714285714285
LALKUA JN.,3,3,1,1,3,0,0,1.5714285714285714
LANJI GARH ROAD,0,0,0,0,1,0,0,0.14285714285714285
LEDO,1,0,1,0,1,0,1,0.5714285714285714
LINGAMPALLI,6,4,7,5,13,9,10,7.714285714285714
LOHARDAGA  BS,0,1,0,1,0,0,1,0.42857142857142855
LOHIAN KHAS JN.,0,0,1,1,1,0,1,0.5714285714285714
LOKMANYA TILAK TERMINUS,5,11,5,17,7,14,11,10.0
LONAVLA,0,6,0,4,4,0,4,2.5714285714285716
LONDA JN.,0,1,0,0,0,0,0,0.14285714285714285
LUCKNOW JN.,6,12,10,11,11,11,7,9.714285714285714
LUDHIANA JN.,4,3,3,3,4,1,2,2.857142857142857
LUMDING JN.,0,1,0,1,0,0,1,0.42857142857142855
MACHERLA,0,1,0,1,0,1,0,0.42857142857142855
MACHILIPATNAM,1,1,2,1,3,1,3,1.7142857142857142
MADANMAHAL,0,0,0,0,0,1,0,0.14285714285714285
MADAR JN,0,1,0,0,0,0,1,0.2857142857142857
MADGOAN JN.,3,1,2,0,4,4,2,2.2857142857142856
MADHUPUR JN.,3,0,1,1,0,0,0,0.7142857142857143
MADHYAM GRAM,0,0,0,0,0,0,2,0.2857142857142857
MADURAI JN,4,3,2,5,1,3,3,3.0
MAGRAHAT,0,0,0,1,0,0,0,0.14285714285714285
MAHARAJGANJ,0,1,1,2,0,1,0,0.7142857142857143
MAHBUBABAD,0,0,1,0,0,0,1,0.2857142857142857
MAHBUBNAGAR,0,0,2,0,2,0,0,0.5714285714285714
MAHESANA JN,0,1,1,1,0,3,2,1.1428571428571428
MAHOBA,0,1,2,0,0,0,0,0.42857142857142855
MAHUVA,0,1,0,1,1,2,1,0.8571428571428571
MAILANI JN.,2,1,2,3,2,2,0,1.7142857142857142
MAIRABARI,0,0,0,0,1,0,0,0.14285714285714285
MAISHASHAN,0,2,0,0,0,0,0,0.2857142857142857
MAJERHAT,3,0,2,2,4,1,1,1.8571428571428572
MAJHOLA PAKARIYA,1,0,0,0,0,2,0,0.42857142857142855
MAKRANA JN.,0,0,0,0,0,1,1,0.2857142857142857
MAKSI JN,1,0,0,0,0,0,0,0.14285714285714285
MALDA COURT,1,1,1,0,1,0,0,0.5714285714285714
MALDA TOWN,1,2,3,1,5,3,3,2.5714285714285716
MALIYA MIYANA JN.,0,0,0,1,0,0,0,0.14285714285714285
MANAMADURAI,0,0,0,0,0,0,1,0.14285714285714285
MANANWALA,1,0,0,0,0,0,0,0.14285714285714285
MANDSOR,0,0,0,0,0,0,1,0.14285714285714285
MANDUADIH,1,0,1,1,4,3,2,1.7142857142857142
MANENDRAGARH,0,0,0,0,0,1,0,0.14285714285714285
MANGALORE CENTRAL,4,4,1,2,3,7,6,3.857142857142857
MANGALORE JN,0,1,0,0,1,1,1,0.5714285714285714
MANIKPUR JN.,1,1,0,0,1,1,0,0.5714285714285714
MANKAPUR JN.,0,0,0,0,0,2,2,0.5714285714285714
MANKHURD,1,0,0,0,0,0,1,0.2857142857142857
MANMAD JN.,0,0,1,2,0,2,4,1.2857142857142858
MANNARGUDI,3,1,1,0,1,0,0,0.8571428571428571
MANOHARABAD,0,0,2,1,0,0,1,0.5714285714285714
MANUGURU,0,1,0,0,1,0,1,0.42857142857142855
MARIANI JN.,0,1,0,1,0,0,0,0.2857142857142857
MARIKUPPAM,3,2,2,0,0,1,3,1.5714285714285714
MARKAPUR ROAD,0,0,0,0,0,0,1,0.14285714285714285
MARWAR JN.,0,0,1,1,0,1,0,0.42857142857142855
MASAGRAM,2,0,0,1,0,1,0,0.5714285714285714
MATHURA JN.,2,2,3,4,2,3,2,2.5714285714285716
MAU JN.,0,1,0,0,1,2,0,0.5714285714285714
MAVLI JN.,0,1,0,0,0,1,0,0.2857142857142857
MAYILADUTURAI JN.,2,3,3,2,3,0,2,2.142857142857143
MECHEDA,1,0,3,0,1,4,1,1.4285714285714286
MEDCHAL,1,2,1,0,3,0,0,1.0
MEERUT CANT,0,0,0,0,0,1,0,0.14285714285714285
MEERUT CITY JN.,2,1,1,0,1,1,1,1.0
MELMARUVATHUR,0,0,0,1,0,0,1,0.2857142857142857
MEMARI,1,0,0,2,1,0,1,0.7142857142857143
MENDIPATHAR,0,0,0,1,0,0,0,0.14285714285714285
MERTA CITY,2,1,1,3,2,0,0,1.2857142857142858
MERTA ROAD JN.,1,2,1,1,4,3,1,1.8571428571428572
METTUPALAIYAM JN.,0,1,0,2,1,2,0,0.8571428571428571
METTUR DAM,0,0,1,1,0,0,0,0.2857142857142857
MHOW,1,1,2,1,4,4,3,2.2857142857142856
MIDNAPORE,2,3,5,1,4,1,4,2.857142857142857
MIRAJ JN.,1,0,1,2,3,3,2,1.7142857142857142
MIRYALAGUDA,0,0,1,0,1,0,1,0.42857142857142855
MIRZAPALI,0,0,0,0,0,1,1,0.2857142857142857
MODASA,0,1,0,0,1,0,0,0.2857142857142857
MOGA,0,0,0,0,0,0,1,0.14285714285714285
MOKAMA JN.,2,1,1,1,2,1,0,1.1428571428571428
MOOR MARKET,20,23,20,17,20,14,21,19.285714285714285
MORADABAD JN.,3,5,0,2,4,5,5,3.4285714285714284
MORVI,0,0,2,1,1,1,1,0.8571428571428571
MUGHAL SARAI JN.,1,2,4,2,2,2,0,1.8571428571428572
MUMBAI CENTRAL,4,5,2,4,4,4,1,3.4285714285714284
MUMBAI VADALA ROAD,3,2,6,3,1,2,2,2.7142857142857144
MUNABAO,0,0,0,0,0,0,2,0.2857142857142857
MURI,0,0,0,0,0,1,0,0.14285714285714285
MURKEONG SELEK,1,1,0,0,1,2,0,0.7142857142857143
MUZAFFARPUR JN.,1,3,6,4,5,5,4,4.0
MYSORE JN.,4,6,5,6,2,7,6,5.142857142857143
NABADWIP DHAM,0,1,0,0,0,0,0,0.14285714285714285
NADIAD JN.,0,0,0,0,1,1,0,0.2857142857142857
NADIKUDE JN.,0,0,0,0,0,0,1,0.14285714285714285
NAGAPPATTINAM,0,0,1,0,0,0,1,0.2857142857142857
NAGARSOL,1,1,0,1,1,0,2,0.8571428571428571
NAGBHIR JN.,1,0,1,0,0,0,2,0.5714285714285714
NAGDA JN,1,1,1,1,1,0,2,1.0
NAGERCOIL JN.,3,1,4,1,2,4,2,2.4285714285714284
NAGORE,1,0,0,0,1,0,1,0.42857142857142855
NAGPUR JN.(CR),3,7,2,5,3,2,0,3.142857142857143
NAHARLAGUN,0,0,1,1,0,0,1,0.42857142857142855
NAIHATI JN.,7,11,4,8,8,4,5,6.714285714285714
NAINPUR JN.,0,0,0,0,2,1,0,0.42857142857142855
NAJIBABAD JN.,1,1,1,1,1,2,1,1.1428571428571428
NAKAHA JUNGLE,0,0,0,1,1,0,0,0.2857142857142857
NAKODAR JN.,1,0,1,2,0,0,0,0.5714285714285714
NALHATI JN.,0,0,0,0,0,0,1,0.14285714285714285
NAMKHANA,2,3,0,2,2,3,2,2.0
NANDED,4,1,4,1,3,4,4,3.0
NANDYAL,0,1,0,1,0,0,1,0.42857142857142855
NANGAL DAM,0,0,1,0,0,4,2,1.0
NANJANGUD TOWN,0,0,0,0,1,0,0,0.14285714285714285
NARASAPUR,2,1,1,2,3,2,2,1.8571428571428572
NARKATIAGANJ JN.,1,1,2,1,2,3,2,1.7142857142857142
NARKHER,0,0,0,0,1,1,1,0.42857142857142855
NARWANA JN.,0,0,0,0,0,0,1,0.14285714285714285
NATHDWARA,0,0,0,0,0,0,1,0.14285714285714285
NAUTANWA,0,4,1,1,1,0,1,1.1428571428571428
NAYAGARHTOWN,1,0,0,0,1,0,0,0.2857142857142857
NELLORE,2,0,0,0,0,1,1,0.5714285714285714
NEPALGANJ ROAD,0,1,0,1,1,0,0,0.42857142857142855
NERUL,4,3,3,4,7,4,3,4.0
NEW ALIPUR (CALCUTTA),0,0,0,0,0,1,0,0.14285714285714285
NEW ALIPURDUAR,1,0,1,0,0,0,0,0.2857142857142857
NEW AMRAVATI,1,0,0,0,0,0,0,0.14285714285714285
NEW BHUJ,0,2,2,0,1,1,3,1.2857142857142858
NEW BONGAIGAON  JN.,2,3,1,0,0,0,0,0.8571428571428571
NEW COOCH BEHAR,0,1,0,0,0,0,1,0.2857142857142857
NEW DELHI,12,23,14,18,8,19,13,15.285714285714286
NEW JALPAIGURI JN,6,2,1,1,1,2,4,2.4285714285714284
NEW TINSUKIA JN,0,1,0,0,1,0,0,0.2857142857142857
NIDADAVOLU JN.,0,0,0,1,1,0,2,0.5714285714285714
NILAMBUR ROAD,0,1,3,1,0,0,2,1.0
NIMACH,1,0,0,0,0,0,1,0.2857142857142857
NIMTITA,0,0,0,1,1,0,0,0.2857142857142857
NIZAMABAD,1,2,1,0,2,2,2,1.4285714285714286
NORTH LAKHIMPUR,0,0,0,1,0,0,0,0.14285714285714285
NSC BOSE J GOMO,0,2,0,3,0,1,1,1.0
OKHA,1,2,4,4,2,2,1,2.2857142857142856
OLD MALDA,0,0,0,1,0,0,0,0.14285714285714285
ONGOLE,2,0,0,0,1,1,0,0.5714285714285714
PALAKKAD JN,1,1,0,0,2,1,0,0.7142857142857143
PALANI,1,0,1,1,0,0,0,0.42857142857142855
PALANPUR JN,0,0,0,0,1,0,2,0.42857142857142855
PALASA,0,0,0,4,1,0,1,0.8571428571428571
PALASDARI,2,5,1,1,6,0,2,2.4285714285714284
PALGHAT TOWN,0,1,1,0,0,0,1,0.42857142857142855
PALITANA,0,0,1,1,2,0,1,0.7142857142857143
PALLAVARAM,0,0,0,1,0,0,0,0.14285714285714285
PALWAL,2,2,0,2,3,4,3,2.2857142857142856
PANDHARPUR,0,0,2,0,0,2,1,0.7142857142857143
PANIPAT JN.,1,1,1,2,3,1,3,1.7142857142857142
PANKI,0,0,0,0,1,0,0,0.14285714285714285
PANSKURA,3,2,2,2,2,0,2,1.8571428571428572
PANVEL,18,18,20,20,20,23,22,20.142857142857142
PARADEEP,0,2,0,1,0,3,0,0.8571428571428571
PARBHANI JN.,0,0,0,0,1,0,0,0.14285714285714285
PARLI VAIJNATH,0,0,1,0,2,0,1,0.5714285714285714
PARTAPGARH JN.,1,0,2,0,1,1,3,1.1428571428571428
PARVATSAR CITY,0,0,0,1,0,0,0,0.14285714285714285
PATAN,2,0,1,1,0,1,2,1.0
PATHANKOT JN.,2,2,2,3,4,3,5,3.0
PATIALA,0,0,1,0,0,0,0,0.14285714285714285
PATLIPUTRA,3,0,2,3,0,1,0,1.2857142857142858
PATNA GHAT,0,0,1,0,1,0,0,0.2857142857142857
PATNA JN.,8,9,13,11,14,5,7,9.571428571428571
PATTABIRAM E DEPOT,1,0,3,5,6,5,1,3.0
PATTABIRAM EAST CABIN,0,0,0,0,0,0,1,0.14285714285714285
PEDDAPALLI,0,0,0,0,0,1,1,0.2857142857142857
PENDLIMARRI,0,0,0,0,1,0,0,0.14285714285714285
PENDRA ROAD,0,0,0,0,0,1,0,0.14285714285714285
PERNEM,0,0,2,0,0,0,0,0.2857142857142857
PETRAPOLE,1,0,0,0,0,0,0,0.14285714285714285
PHAPHUND,0,1,0,0,0,2,0,0.42857142857142855
PHEPHNA JN.,0,1,0,0,0,0,0,0.14285714285714285
PHULERA JN.,1,1,0,1,0,0,1,0.5714285714285714
PHULWARTANR,0,0,0,1,1,0,0,0.2857142857142857
PIDUGURALLA,0,0,0,1,0,0,0,0.14285714285714285
PILIBHIT JN.,2,3,0,4,5,1,3,2.5714285714285716
POLLACHI,0,0,0,2,0,0,0,0.2857142857142857
PONDICHERRY,4,2,2,2,1,4,1,2.2857142857142856
PONNERI,2,0,0,0,0,1,1,0.5714285714285714
PORBANDAR,0,0,4,5,1,2,1,1.8571428571428572
PRATAP NAGAR,0,0,0,0,0,0,1,0.14285714285714285
PRAYAG JN.,3,0,2,3,0,1,2,1.5714285714285714
PRINCEP GHAT,0,0,1,0,0,0,0,0.14285714285714285
PUNALUR,2,1,0,1,1,0,0,0.7142857142857143
PUNDOOAH,0,0,1,1,0,0,0,0.2857142857142857
PUNE JN.,8,9,13,12,7,17,15,11.571428571428571
PURI,6,9,5,6,7,4,12,7.0
PURNA  JN.,1,1,0,1,0,1,2,0.8571428571428571
PURNEA COURT,0,1,0,0,0,0,0,0.14285714285714285
PURNEA JN.,1,0,0,1,0,0,1,0.42857142857142855
PURULIA JN.,1,0,1,0,2,1,4,1.2857142857142858
PUSHKAR TERMINUS,0,0,0,0,1,0,0,0.14285714285714285
QADIAN,0,0,0,1,0,0,0,0.14285714285714285
QUILON,4,5,3,4,6,4,3,4.142857142857143
R BLOCK HALT,0,0,1,0,0,0,0,0.14285714285714285
RADHIKAPUR,1,0,1,2,1,0,1,0.8571428571428571
RAE BARELI JN.,2,2,0,1,2,0,1,1.1428571428571428
RAGHUNATHPUR,0,0,0,0,1,0,0,0.14285714285714285
RAGHURAJ SINGH,0,0,0,1,1,0,0,0.2857142857142857
RAICHUR,0,0,0,1,0,1,1,0.42857142857142855
RAIGARH,1,0,0,0,1,2,0,0.5714285714285714
RAIPUR JN.,3,1,3,3,5,2,2,2.7142857142857144
RAJAHMUNDRY,1,3,0,1,0,1,0,0.8571428571428571
RAJENDRANAGAR TERMINAL,4,3,2,1,3,1,0,2.0
RAJGIR,1,1,2,0,0,2,1,1.0
RAJIM,0,1,0,1,0,1,0,0.42857142857142855
RAJKOT,2,2,1,1,2,2,1,1.5714285714285714
RAJMAHAL,1,1,1,1,2,0,2,1.1428571428571428
RAJPIPLA,0,0,0,0,0,1,0,0.14285714285714285
RAJULA CITY,0,0,0,0,1,0,0,0.14285714285714285
RAMANAGARAM,0,0,0,0,1,1,1,0.42857142857142855
RAMESWARAM,2,1,2,1,1,2,4,1.8571428571428572
RAMNAGAR,4,0,2,2,1,2,1,1.7142857142857142
RAMPUR HAT,4,1,7,2,5,1,3,3.2857142857142856
RAMTEK,0,0,0,0,0,2,1,0.42857142857142855
RANAGHAT JN.,6,3,6,9,8,9,8,7.0
RANCHI,5,3,1,4,4,6,3,3.7142857142857144
RANGAPARA NORTH,0,1,0,0,0,1,1,0.42857142857142855
RANGIYA JN.,0,0,1,2,3,1,2,1.2857142857142858
RANINAGAR JALPAIGURI,1,0,0,0,0,0,0,0.14285714285714285
RANUJ,0,1,0,0,1,0,0,0.2857142857142857
RATANAGARH JN,3,0,0,0,0,1,2,0.8571428571428571
RATLAM JN,2,0,0,3,4,2,3,2.0
RATNAGIRI,0,0,0,0,1,1,0,0.2857142857142857
RAVIKAMPADU,0,0,1,0,0,0,0,0.14285714285714285
RAVLI JN,16,12,16,11,18,14,12,14.142857142857142
RAXAUL JN.,2,2,0,6,1,5,3,2.7142857142857144
RAYA DRUG,0,1,0,0,0,0,0,0.14285714285714285
RAYAGADA JN.,0,0,1,1,0,1,1,0.5714285714285714
RENIGUNTA JN.,0,1,0,1,0,1,0,0.42857142857142855
REPALLE,1,0,1,1,1,1,2,1.0
REWA,1,0,2,2,3,1,1,1.4285714285714286
REWARI JN.,3,2,6,4,4,3,3,3.5714285714285716
RISHIKESH,2,0,0,0,2,0,2,0.8571428571428571
ROHA,1,0,0,0,0,1,0,0.2857142857142857
ROHTAK JN.,4,2,1,0,3,2,3,2.142857142857143
ROURKELA,1,2,2,3,1,0,0,1.2857142857142858
ROZA JN,1,0,0,0,0,0,0,0.14285714285714285
RUPSA JN.,0,0,2,0,0,0,0,0.2857142857142857
SABALGARH,1,0,0,0,2,0,0,0.42857142857142855
SADULPUR JN,0,1,1,0,0,1,1,0.5714285714285714
SAGAULI JN.,0,1,1,0,0,0,0,0.2857142857142857
SAHARANPUR JN.,3,5,2,1,4,2,1,2.5714285714285716
SAHARSA JN.,4,2,2,2,7,4,2,3.2857142857142856
SAHIBABAD,1,0,0,0,0,0,0,0.14285714285714285
SAHIBGANJ,1,0,1,4,1,0,2,1.2857142857142858
SAI NAGAR SHIRDI,1,1,6,0,2,2,3,2.142857142857143
SAINTHIA JN.,1,0,0,2,0,0,1,0.5714285714285714
SALEM JN.,0,0,3,2,0,2,2,1.2857142857142858
SALEMPUR JN.,1,0,1,0,0,0,0,0.2857142857142857
SALUR,0,2,1,1,0,1,0,0.7142857142857143
SAMASTIPUR JN.,2,4,3,3,2,2,4,2.857142857142857
SAMBAHAL HATIM SARAI,0,0,0,1,1,1,1,0.5714285714285714
SAMBALPUR JN.,0,0,2,0,3,2,4,1.5714285714285714
SANAWAD,0,1,0,1,0,1,1,0.5714285714285714
SANGLI,0,0,0,0,0,1,0,0.14285714285714285
SANJAN,0,0,0,0,1,1,0,0.2857142857142857
SANTRAGACHI JN.,3,4,4,1,5,6,2,3.5714285714285716
SARDARSAHAR,1,0,1,1,0,0,0,0.42857142857142855
SASARAM,1,0,0,2,1,0,0,0.5714285714285714
SATARA,0,0,0,1,0,1,0,0.2857142857142857
SATNA,0,1,2,0,0,1,0,0.5714285714285714
SAWAI MADHOPUR JN,0,0,0,0,0,1,0,0.14285714285714285
SAWANTWADI ROAD,0,2,0,0,1,2,0,0.7142857142857143
SEALDAH,45,65,49,58,53,49,53,53.142857142857146
SECUNDERABAD JN.,7,7,13,10,5,8,16,9.428571428571429
SENGOTTAI JN,1,2,0,0,1,1,3,1.1428571428571428
SEORAPHULI JN.,2,1,2,1,2,5,2,2.142857142857143
SHAHDOL,0,0,0,1,0,0,1,0.2857142857142857
SHAHGANJ JN.,1,1,0,0,0,0,1,0.42857142857142855
SHAHJAHANPUR JN,2,2,0,1,1,2,1,1.2857142857142858
SHAKTINAGAR,0,1,0,1,1,0,0,0.42857142857142855
SHAKUR BASTI,2,4,1,0,4,2,0,1.8571428571428572
SHALIMAR,1,4,2,4,5,3,0,2.7142857142857144
SHAMLI,2,2,1,0,1,0,0,0.8571428571428571
SHANTIPUR JN.,1,9,1,3,2,4,1,3.0
SHEOPUR KALAN,1,0,0,0,1,0,0,0.2857142857142857
SHIKOHABAD JN.,0,0,0,0,1,0,1,0.2857142857142857
SHIMLA,2,0,0,0,1,1,1,0.7142857142857143
SHIMOGA TOWN,5,0,3,0,0,0,0,1.1428571428571428
SHIVAJINAGAR,0,0,0,1,0,1,0,0.2857142857142857
SHORANUR JN.,2,2,2,2,0,1,1,1.4285714285714286
SHRI GANGANAGAR,1,5,6,4,1,1,3,3.0
SHRI MATA VAISHNO DEVI KATRA,4,2,3,4,5,1,2,3.0
SHRIPAT SHRIKHANDA,0,0,0,0,1,0,0,0.14285714285714285
SHRIRAMPUR,1,0,1,0,0,1,2,0.7142857142857143
SIKAR JN.,0,1,1,0,3,0,1,0.8571428571428571
SILCHAR,0,4,1,1,2,2,3,1.8571428571428572
SILGHAT TOWN,1,0,0,0,0,1,0,0.2857142857142857
SILIGURI JN.,1,4,3,1,3,0,2,2.0
SIMALUGURI JN.,0,0,0,0,0,1,0,0.14285714285714285
SINDRI TOWN,0,0,0,0,3,0,0,0.42857142857142855
SINGHABAD,0,0,0,0,0,0,1,0.14285714285714285
SINGRAULI,0,1,0,2,1,0,1,0.7142857142857143
SINGUR,0,1,0,0,1,0,0,0.2857142857142857
SIRMUTTRA,0,1,0,0,0,0,1,0.2857142857142857
SIRPUR TOWN,1,0,0,1,0,0,0,0.2857142857142857
SIRPURKAGHAZ NAGAR,0,0,0,0,0,2,0,0.2857142857142857
SIRSA,1,1,0,0,0,0,1,0.42857142857142855
SITAMARHI,1,2,0,0,1,1,0,0.7142857142857143
SITAPUR CANTT,0,0,2,0,0,0,3,0.7142857142857143
SITAPUR CITY JN.,1,1,0,1,1,0,0,0.5714285714285714
SIURI,0,1,1,0,0,0,0,0.2857142857142857
SIWAN JN.,0,2,0,2,2,1,3,1.4285714285714286
SOLAPUR,3,2,2,3,4,3,1,2.5714285714285716
SOMNATH,0,1,2,2,0,0,2,1.0
SONAMUKHI PH,0,0,0,1,0,0,0,0.14285714285714285
SONARDIH,0,0,1,0,0,0,0,0.14285714285714285
SONARPUR JN.,1,4,4,5,0,2,2,2.5714285714285716
SONIPAT,2,0,0,0,0,0,1,0.42857142857142855
SONPUR JN.,1,0,1,0,0,1,1,0.5714285714285714
SRI SATYA SAI PRASANTI NILAYAM,2,0,0,0,0,0,0,0.2857142857142857
ST. THOMAS MOUNT,1,0,0,0,0,0,0,0.14285714285714285
SUBRAHMANYA ROAD,1,0,0,0,0,0,0,0.14285714285714285
SULLURUPETTA,4,1,6,3,2,3,1,2.857142857142857
SULTANGANJ,0,0,0,0,1,1,0,0.2857142857142857
SULTANPUR JN.,2,2,0,1,0,2,1,1.1428571428571428
SURAT,1,3,4,4,2,5,2,3.0
SURATGARH JN.,1,0,2,1,2,1,2,1.2857142857142858
SURENDRANAGAR,1,1,1,1,0,1,1,0.8571428571428571
TALCHER,0,0,0,0,0,1,0,0.14285714285714285
TALEGAON,1,1,1,1,0,0,0,0.5714285714285714
TALGUPPA,0,0,2,0,1,1,0,0.5714285714285714
TAMBARAM,18,24,13,24,21,23,17,20.0
TANDUR,0,1,1,0,0,0,0,0.2857142857142857
TANTPUR,1,0,0,0,0,0,0,0.14285714285714285
TARAKESHWAR,2,7,4,2,2,7,4,4.0
TARIGHAT,2,0,0,1,0,0,0,0.42857142857142855
TARN TARAN,0,0,1,0,1,2,0,0.5714285714285714
TATANAGAR JN,7,5,5,3,3,3,4,4.285714285714286
TELTA,0,0,0,1,0,0,0,0.14285714285714285
TENALI JN.,3,2,0,4,0,1,1,1.5714285714285714
TEZNARAYANPUR,0,0,0,1,0,2,1,0.5714285714285714
THAKURNAGAR,0,1,0,0,0,0,0,0.14285714285714285
THANE,28,24,26,24,29,25,30,26.571428571428573
THANJAVUR JN.,3,0,1,1,2,0,2,1.2857142857142858
THAWE JN.,0,1,0,1,1,2,2,1.0
THIRUVARUR JN.,0,0,1,0,1,0,0,0.2857142857142857
TIKUNIA,0,0,1,0,0,0,0,0.14285714285714285
TILAIYA,0,0,0,1,0,0,0,0.14285714285714285
TILAK BRIDGE,0,0,0,0,0,2,2,0.5714285714285714
TILRATH,0,0,0,1,1,0,0,0.2857142857142857
TINPAHAR JN.,1,0,1,1,2,1,2,1.1428571428571428
TINSUKIA JN.,1,2,2,0,0,0,0,0.7142857142857143
TIRODI,0,1,2,0,0,0,1,0.5714285714285714
TIRUCHENDUR,1,1,0,1,2,1,1,1.0
TIRUCHIRAPPALLI JN.,3,6,5,2,2,5,7,4.285714285714286
TIRUMALPUR,1,4,1,3,0,0,3,1.7142857142857142
TIRUNELVELI JN,3,2,3,1,2,6,2,2.7142857142857144
TIRUNINRAVUR,1,0,0,0,0,0,0,0.14285714285714285
TIRUPATI,8,10,9,7,10,6,4,7.714285714285714
TIRUTTANI,1,3,1,1,1,3,5,2.142857142857143
TIRUVALLUR,6,6,8,7,8,2,8,6.428571428571429
TITLA GARH JN.,0,0,0,2,0,1,0,0.42857142857142855
TITVALA,5,7,5,6,7,4,5,5.571428571428571
TORI,0,0,0,0,1,0,0,0.14285714285714285
TRICHUR,0,0,1,1,2,0,0,0.5714285714285714
TRIVANDRUM CENTRAL,2,10,7,4,6,1,5,5.0
TUMKUR,0,0,1,1,1,0,0,0.42857142857142855
TUMSAR RD,0,1,0,0,0,2,0,0.42857142857142855
TUNDLA JN,1,1,0,1,3,1,1,1.1428571428571428
TUNI,0,1,0,0,0,0,0,0.14285714285714285
TUTICORIN,0,1,2,1,1,2,0,1.0
UDAIPUR,0,1,0,0,0,0,1,0.2857142857142857
UDAIPUR CITY,1,1,3,1,4,4,2,2.2857142857142856
UDHAGAMANDALAM,0,0,0,1,2,0,1,0.5714285714285714
UDHAMPUR,1,0,0,1,2,2,1,1.0
UDHNA JN.,0,0,1,0,1,0,1,0.42857142857142855
UJJAIN JN,0,2,1,0,1,1,1,0.8571428571428571
ULUBARIA,0,0,2,0,2,0,0,0.5714285714285714
UMBERGAON ROAD,0,0,1,0,0,0,0,0.14285714285714285
UMDANAGAR,0,0,0,1,3,2,1,1.0
UNA HIMACHAL,0,1,0,0,1,0,0,0.2857142857142857
UNCHAHAR JN.,0,0,1,0,1,0,0,0.2857142857142857
URKURA,0,0,1,0,0,0,0,0.14285714285714285
VADODARA JN.,3,7,0,3,3,2,3,3.0
VADTAL SWAMINARAYAN,0,1,1,0,0,0,0,0.2857142857142857
VALSAD,2,2,1,1,2,1,3,1.7142857142857142
VANCHI MANIYACHCHI JN,0,1,0,1,0,0,0,0.2857142857142857
VAPI,0,1,0,0,0,0,0,0.14285714285714285
VARANASI CITY,1,3,2,0,2,2,1,1.5714285714285714
VARANASI JN.,5,2,7,6,8,9,3,5.714285714285714
VASAI ROAD,1,0,2,2,1,0,0,0.8571428571428571
VASCO-DA-GAMA,2,1,2,1,2,3,0,1.5714285714285714
VASHI,15,12,11,18,10,13,13,13.142857142857142
VELACHEERY,16,17,11,18,24,11,18,16.428571428571427
VELANKANNI,1,0,0,0,0,1,2,0.5714285714285714
VELLORE CANTT,1,1,0,0,1,0,0,0.42857142857142855
VERAVAL,0,1,0,0,1,0,2,0.5714285714285714
VERAVAL MG,0,0,1,3,0,0,0,0.5714285714285714
VERKA JN.,1,0,0,1,0,2,0,0.5714285714285714
VIDYAVIHAR,1,1,2,1,1,1,1,1.1428571428571428
VIJAPUR,0,2,1,1,0,1,0,0.7142857142857143
VIJAYWADA JN.,8,7,3,8,5,5,6,6.0
VIKRABAD JN.,1,0,0,0,0,0,1,0.2857142857142857
VILLUPURAM JN.,2,1,1,2,2,3,3,2.0
VIRAMGAM JN,1,2,0,0,1,0,0,0.5714285714285714
VIRAR,1,2,4,5,1,1,3,2.4285714285714284
VIRUDUNAGAR JN,0,0,0,0,0,0,1,0.14285714285714285
VISAKHAPATNAM,9,6,11,6,10,2,4,6.857142857142857
VIZIANAGARAM JN.,0,0,0,0,0,2,2,0.5714285714285714
VRIDHA CHALAM JN.,0,0,2,0,1,0,0,0.42857142857142855
VRINDAVAN,0,2,1,0,1,0,1,0.7142857142857143
WADI JN.,0,0,1,0,0,0,0,0.14285714285714285
WADSA,0,0,1,0,0,0,0,0.14285714285714285
WANKANER,0,0,0,1,1,1,3,0.8571428571428571
WARANGAL,0,0,1,1,0,0,0,0.2857142857142857
WARASEONI,0,0,0,0,0,0,1,0.14285714285714285
WARDHA JN.,0,1,1,0,1,0,1,0.5714285714285714
WHITE FIELD,0,0,0,0,1,0,1,0.2857142857142857
YAMUNA BRIDGE,1,0,1,0,0,0,0,0.2857142857142857
YESVANTPUR JN.,9,9,11,10,7,8,6,8.571428571428571
